Name,Ename,Code,Group Type,Attribute,Function Code,Data Type,Register Address,Bit Position,Bit Number,Precision,Ratio,Offset,Endian,Is Persisted,Storage Interval,Mutate Bound,Default Value,Max Value,Min Value,Unit,Is Show
在线状态,Online State,0,0,0,0,0,0,0,0,0,1.0,0.0,0,1,30000,0,,,,,0
电池串工作状态,Battery String Status,1,1,0,0,0,0,0,0,0,1.0,0.0,0,1,30000,0,,255.0,0.0,,0
Rack充放电状态,Rack Charging Status,2,1,0,0,0,0,0,0,0,1.0,0.0,0,1,30000,0,,255.0,0.0,,0
Rack运行状态,Rack Operating Status,3,1,0,0,0,0,0,0,0,1.0,0.0,0,1,30000,0,,255.0,0.0,,0
继电器/干接点状态,Contactor Status,4,1,0,0,0,0,0,0,0,1.0,0.0,0,1,30000,0,,65535.0,0.0,,0
高压连接失败原因,HV Connect Fail Reason,5,1,0,0,0,0,0,0,0,1.0,0.0,0,1,30000,0,,65535.0,0.0,,0
电池串电压,Battery String Voltage,6,1,0,0,0,0,0,0,1,0.5,0.0,0,1,30000,0,,32767.5,0.0,V,0
总线电压,DC Bus Voltage,7,1,0,0,0,0,0,0,1,0.5,0.0,0,1,30000,0,,32767.5,0.0,V,0
总线电流,DC Bus Current,8,1,0,0,0,0,0,0,3,0.001,-2000.0,0,1,30000,0,,4292967.295,-2000.0,A,0
绝缘阻值,Insulation Resistance,9,1,0,0,0,0,0,0,0,1.0,0.0,0,1,30000,0,,65535.0,0.0,kOhm,0
最高高压箱温度,Max HV Box Temperature,10,1,0,0,0,0,0,0,1,0.1,-40.0,0,1,30000,0,,6513.5,-40.0,℃,0
最低高压箱温度,Min HV Box Temperature,11,1,0,0,0,0,0,0,1,0.1,-40.0,0,1,30000,0,,6513.5,-40.0,℃,0
预留占位3,Reserved3,12,1,0,0,0,0,0,0,0,1.0,0.0,0,1,30000,0,,255.0,0.0,,0
低压供电电压,Low Power Supply Voltage,13,1,0,0,0,0,0,0,0,1.0,0.0,0,1,30000,0,,65535.0,0.0,mV,0
继电器控制状态,Relay Control Status,14,1,0,0,0,0,0,0,0,1.0,0.0,0,1,30000,0,,15.0,0.0,,0
簇防反接检测功能使能标志位,Rack Anti-Reversal Connection Detection Enable Flg,15,1,0,0,0,0,0,0,0,1.0,0.0,0,1,30000,0,,1.0,0.0,flg,0
预留占位,Reserved,16,1,0,0,0,0,0,0,0,1.0,0.0,0,1,30000,0,,7.0,0.0,,0
预留占位1,Reserved1,17,1,0,0,0,0,0,0,0,1.0,0.0,0,1,30000,0,,255.0,0.0,,0
历史休眠时间,Rack History Sleep Time,18,1,0,0,0,0,0,0,0,1.0,0.0,0,1,30000,0,,4294967295.0,0.0,Min,0
历史运行时间,Rack History Run Time,19,1,0,0,0,0,0,0,0,1.0,0.0,0,1,30000,0,,4294967295.0,0.0,Min,0
上次下电休眠时间,Last Power-down Sleep Time,20,1,0,0,0,0,0,0,0,1.0,0.0,0,1,30000,0,,4294967295.0,0.0,Min,0
Rack ID编码状态,Rack ID Learn Status,21,1,0,0,0,0,0,0,0,1.0,0.0,0,1,30000,0,,255.0,0.0,,0
正对地绝缘阻值,Positive to GND Insulation Resistance,22,1,0,0,0,0,0,0,0,1.0,0.0,0,1,30000,0,,65535.0,0.0,kOhm,0
负对地绝缘阻值,Negative to GND Insulation Resistance,23,1,0,0,0,0,0,0,0,1.0,0.0,0,1,30000,0,,65535.0,0.0,kOhm,0
绝缘禁止标志位,Insulation Disable Flag,24,1,0,0,0,0,0,0,0,1.0,0.0,0,1,30000,0,,1.0,0.0,flg,0
绝缘高压有效性状态,Insulation High Voltage Validity Status,25,1,0,0,0,0,0,0,0,1.0,0.0,0,1,30000,0,,255.0,0.0,,0
绝缘禁止原因,Insulation Prohibition Reason,26,1,0,0,0,0,0,0,0,1.0,0.0,0,1,30000,0,,255.0,0.0,,0
温度采样MUX失效位置[0],Temp Sampling MUX Fail Position [0],27,1,0,0,0,0,0,0,0,1.0,0.0,0,1,30000,0,,255.0,0.0,,0
温度采样MUX失效位置[1],Temp Sampling MUX Fail Position [1],28,1,0,0,0,0,0,0,0,1.0,0.0,0,1,30000,0,,255.0,0.0,,0
温度采样MUX失效位置[2],Temp Sampling MUX Fail Position [2],29,1,0,0,0,0,0,0,0,1.0,0.0,0,1,30000,0,,255.0,0.0,,0
温度采样MUX失效位置[3],Temp Sampling MUX Fail Position [3],30,1,0,0,0,0,0,0,0,1.0,0.0,0,1,30000,0,,255.0,0.0,,0
温度采样MUX失效位置[4],Temp Sampling MUX Fail Position [4],31,1,0,0,0,0,0,0,0,1.0,0.0,0,1,30000,0,,255.0,0.0,,0
温度采样MUX失效位置[5],Temp Sampling MUX Fail Position [5],32,1,0,0,0,0,0,0,0,1.0,0.0,0,1,30000,0,,255.0,0.0,,0
温度采样MUX失效位置[6],Temp Sampling MUX Fail Position [6],33,1,0,0,0,0,0,0,0,1.0,0.0,0,1,30000,0,,255.0,0.0,,0
温度采样MUX失效位置[7],Temp Sampling MUX Fail Position [7],34,1,0,0,0,0,0,0,0,1.0,0.0,0,1,30000,0,,255.0,0.0,,0
温度采样MUX失效位置[8],Temp Sampling MUX Fail Position [8],35,1,0,0,0,0,0,0,0,1.0,0.0,0,1,30000,0,,255.0,0.0,,0
温度采样MUX失效位置[9],Temp Sampling MUX Fail Position [9],36,1,0,0,0,0,0,0,0,1.0,0.0,0,1,30000,0,,255.0,0.0,,0
温度采样MUX失效位置[10],Temp Sampling MUX Fail Position [10],37,1,0,0,0,0,0,0,0,1.0,0.0,0,1,30000,0,,255.0,0.0,,0
温度采样MUX失效位置[11],Temp Sampling MUX Fail Position [11],38,1,0,0,0,0,0,0,0,1.0,0.0,0,1,30000,0,,255.0,0.0,,0
温度采样MUX失效位置[12],Temp Sampling MUX Fail Position [12],39,1,0,0,0,0,0,0,0,1.0,0.0,0,1,30000,0,,255.0,0.0,,0
温度采样MUX失效位置[13],Temp Sampling MUX Fail Position [13],40,1,0,0,0,0,0,0,0,1.0,0.0,0,1,30000,0,,255.0,0.0,,0
温度采样MUX失效位置[14],Temp Sampling MUX Fail Position [14],41,1,0,0,0,0,0,0,0,1.0,0.0,0,1,30000,0,,255.0,0.0,,0
温度采样MUX失效位置[15],Temp Sampling MUX Fail Position [15],42,1,0,0,0,0,0,0,0,1.0,0.0,0,1,30000,0,,255.0,0.0,,0
温度采样MUX失效位置[16],Temp Sampling MUX Fail Position [16],43,1,0,0,0,0,0,0,0,1.0,0.0,0,1,30000,0,,255.0,0.0,,0
温度采样MUX失效位置[17],Temp Sampling MUX Fail Position [17],44,1,0,0,0,0,0,0,0,1.0,0.0,0,1,30000,0,,255.0,0.0,,0
温度采样MUX失效位置[18],Temp Sampling MUX Fail Position [18],45,1,0,0,0,0,0,0,0,1.0,0.0,0,1,30000,0,,255.0,0.0,,0
温度采样MUX失效位置[19],Temp Sampling MUX Fail Position [19],46,1,0,0,0,0,0,0,0,1.0,0.0,0,1,30000,0,,255.0,0.0,,0
温度采样MUX失效位置[20],Temp Sampling MUX Fail Position [20],47,1,0,0,0,0,0,0,0,1.0,0.0,0,1,30000,0,,255.0,0.0,,0
温度采样MUX失效位置[21],Temp Sampling MUX Fail Position [21],48,1,0,0,0,0,0,0,0,1.0,0.0,0,1,30000,0,,255.0,0.0,,0
温度采样MUX失效位置[22],Temp Sampling MUX Fail Position [22],49,1,0,0,0,0,0,0,0,1.0,0.0,0,1,30000,0,,255.0,0.0,,0
温度采样MUX失效位置[23],Temp Sampling MUX Fail Position [23],50,1,0,0,0,0,0,0,0,1.0,0.0,0,1,30000,0,,255.0,0.0,,0
温度采样MUX失效位置[24],Temp Sampling MUX Fail Position [24],51,1,0,0,0,0,0,0,0,1.0,0.0,0,1,30000,0,,255.0,0.0,,0
温度采样MUX失效位置[25],Temp Sampling MUX Fail Position [25],52,1,0,0,0,0,0,0,0,1.0,0.0,0,1,30000,0,,255.0,0.0,,0
温度采样MUX失效位置[26],Temp Sampling MUX Fail Position [26],53,1,0,0,0,0,0,0,0,1.0,0.0,0,1,30000,0,,255.0,0.0,,0
温度采样MUX失效位置[27],Temp Sampling MUX Fail Position [27],54,1,0,0,0,0,0,0,0,1.0,0.0,0,1,30000,0,,255.0,0.0,,0
温度采样MUX失效位置[28],Temp Sampling MUX Fail Position [28],55,1,0,0,0,0,0,0,0,1.0,0.0,0,1,30000,0,,255.0,0.0,,0
温度采样MUX失效位置[29],Temp Sampling MUX Fail Position [29],56,1,0,0,0,0,0,0,0,1.0,0.0,0,1,30000,0,,255.0,0.0,,0
温度采样MUX失效位置[30],Temp Sampling MUX Fail Position [30],57,1,0,0,0,0,0,0,0,1.0,0.0,0,1,30000,0,,255.0,0.0,,0
温度采样MUX失效位置[31],Temp Sampling MUX Fail Position [31],58,1,0,0,0,0,0,0,0,1.0,0.0,0,1,30000,0,,255.0,0.0,,0
温度采样MUX失效位置[32],Temp Sampling MUX Fail Position [32],59,1,0,0,0,0,0,0,0,1.0,0.0,0,1,30000,0,,255.0,0.0,,0
温度采样MUX失效位置[33],Temp Sampling MUX Fail Position [33],60,1,0,0,0,0,0,0,0,1.0,0.0,0,1,30000,0,,255.0,0.0,,0
温度采样MUX失效位置[34],Temp Sampling MUX Fail Position [34],61,1,0,0,0,0,0,0,0,1.0,0.0,0,1,30000,0,,255.0,0.0,,0
温度采样MUX失效位置[35],Temp Sampling MUX Fail Position [35],62,1,0,0,0,0,0,0,0,1.0,0.0,0,1,30000,0,,255.0,0.0,,0
温度采样MUX失效位置[36],Temp Sampling MUX Fail Position [36],63,1,0,0,0,0,0,0,0,1.0,0.0,0,1,30000,0,,255.0,0.0,,0
温度采样MUX失效位置[37],Temp Sampling MUX Fail Position [37],64,1,0,0,0,0,0,0,0,1.0,0.0,0,1,30000,0,,255.0,0.0,,0
温度采样MUX失效位置[38],Temp Sampling MUX Fail Position [38],65,1,0,0,0,0,0,0,0,1.0,0.0,0,1,30000,0,,255.0,0.0,,0
温度采样MUX失效位置[39],Temp Sampling MUX Fail Position [39],66,1,0,0,0,0,0,0,0,1.0,0.0,0,1,30000,0,,255.0,0.0,,0
温度采样MUX失效位置[40],Temp Sampling MUX Fail Position [40],67,1,0,0,0,0,0,0,0,1.0,0.0,0,1,30000,0,,255.0,0.0,,0
温度采样MUX失效位置[41],Temp Sampling MUX Fail Position [41],68,1,0,0,0,0,0,0,0,1.0,0.0,0,1,30000,0,,255.0,0.0,,0
温度采样MUX失效位置[42],Temp Sampling MUX Fail Position [42],69,1,0,0,0,0,0,0,0,1.0,0.0,0,1,30000,0,,255.0,0.0,,0
温度采样MUX失效位置[43],Temp Sampling MUX Fail Position [43],70,1,0,0,0,0,0,0,0,1.0,0.0,0,1,30000,0,,255.0,0.0,,0
温度采样MUX失效位置[44],Temp Sampling MUX Fail Position [44],71,1,0,0,0,0,0,0,0,1.0,0.0,0,1,30000,0,,255.0,0.0,,0
温度采样MUX失效位置[45],Temp Sampling MUX Fail Position [45],72,1,0,0,0,0,0,0,0,1.0,0.0,0,1,30000,0,,255.0,0.0,,0
温度采样MUX失效位置[46],Temp Sampling MUX Fail Position [46],73,1,0,0,0,0,0,0,0,1.0,0.0,0,1,30000,0,,255.0,0.0,,0
温度采样MUX失效位置[47],Temp Sampling MUX Fail Position [47],74,1,0,0,0,0,0,0,0,1.0,0.0,0,1,30000,0,,255.0,0.0,,0
温度采样MUX失效位置[48],Temp Sampling MUX Fail Position [48],75,1,0,0,0,0,0,0,0,1.0,0.0,0,1,30000,0,,255.0,0.0,,0
温度采样MUX失效位置[49],Temp Sampling MUX Fail Position [49],76,1,0,0,0,0,0,0,0,1.0,0.0,0,1,30000,0,,255.0,0.0,,0
温度采样MUX失效位置[50],Temp Sampling MUX Fail Position [50],77,1,0,0,0,0,0,0,0,1.0,0.0,0,1,30000,0,,255.0,0.0,,0
温度采样MUX失效位置[51],Temp Sampling MUX Fail Position [51],78,1,0,0,0,0,0,0,0,1.0,0.0,0,1,30000,0,,255.0,0.0,,0
温度采样MUX失效位置[52],Temp Sampling MUX Fail Position [52],79,1,0,0,0,0,0,0,0,1.0,0.0,0,1,30000,0,,255.0,0.0,,0
温度采样MUX失效位置[53],Temp Sampling MUX Fail Position [53],80,1,0,0,0,0,0,0,0,1.0,0.0,0,1,30000,0,,255.0,0.0,,0
温度采样MUX失效位置[54],Temp Sampling MUX Fail Position [54],81,1,0,0,0,0,0,0,0,1.0,0.0,0,1,30000,0,,255.0,0.0,,0
温度采样MUX失效位置[55],Temp Sampling MUX Fail Position [55],82,1,0,0,0,0,0,0,0,1.0,0.0,0,1,30000,0,,255.0,0.0,,0
温度采样MUX失效位置[56],Temp Sampling MUX Fail Position [56],83,1,0,0,0,0,0,0,0,1.0,0.0,0,1,30000,0,,255.0,0.0,,0
温度采样MUX失效位置[57],Temp Sampling MUX Fail Position [57],84,1,0,0,0,0,0,0,0,1.0,0.0,0,1,30000,0,,255.0,0.0,,0
温度采样MUX失效位置[58],Temp Sampling MUX Fail Position [58],85,1,0,0,0,0,0,0,0,1.0,0.0,0,1,30000,0,,255.0,0.0,,0
温度采样MUX失效位置[59],Temp Sampling MUX Fail Position [59],86,1,0,0,0,0,0,0,0,1.0,0.0,0,1,30000,0,,255.0,0.0,,0
温度采样MUX失效位置[60],Temp Sampling MUX Fail Position [60],87,1,0,0,0,0,0,0,0,1.0,0.0,0,1,30000,0,,255.0,0.0,,0
温度采样MUX失效位置[61],Temp Sampling MUX Fail Position [61],88,1,0,0,0,0,0,0,0,1.0,0.0,0,1,30000,0,,255.0,0.0,,0
温度采样MUX失效位置[62],Temp Sampling MUX Fail Position [62],89,1,0,0,0,0,0,0,0,1.0,0.0,0,1,30000,0,,255.0,0.0,,0
温度采样MUX失效位置[63],Temp Sampling MUX Fail Position [63],90,1,0,0,0,0,0,0,0,1.0,0.0,0,1,30000,0,,255.0,0.0,,0
Rack SOC,Rack SOC,91,1,0,0,0,0,0,0,1,0.5,0.0,0,1,30000,0,,127.5,0.0,%,0
Rack SOH,Rack SOH,92,1,0,0,0,0,0,0,0,1.0,0.0,0,1,30000,0,,255.0,0.0,%,0
Rack可充能量,Rack SOE for Charge,93,1,0,0,0,0,0,0,3,0.125,0.0,0,1,30000,0,,8191.875,0.0,kWh,0
Rack可放能量,Rack SOE for Discharge,94,1,0,0,0,0,0,0,3,0.125,0.0,0,1,30000,0,,8191.875,0.0,kWh,0
脉冲充电电流限制,Pulse Charge Curr Limit,95,1,0,0,0,0,0,0,3,0.125,0.0,0,1,30000,0,,8191.875,0.0,A,0
脉冲放电电流限制,Pulse Discharge Curr Limit,96,1,0,0,0,0,0,0,3,0.125,0.0,0,1,30000,0,,8191.875,0.0,A,0
脉冲充电功率限制,Pulse Charge Power Limit,97,1,0,0,0,0,0,0,3,0.125,0.0,0,1,30000,0,,8191.875,0.0,kW,0
脉冲放电功率限制,Pulse Discharge Power Limit,98,1,0,0,0,0,0,0,3,0.125,0.0,0,1,30000,0,,8191.875,0.0,kW,0
持续充电电流限制,Const Charge Curr Limit,99,1,0,0,0,0,0,0,3,0.125,0.0,0,1,30000,0,,8191.875,0.0,A,0
持续放电电流限制,Const Discharge Curr Limit,100,1,0,0,0,0,0,0,3,0.125,0.0,0,1,30000,0,,8191.875,0.0,A,0
持续充电功率限制,Const Charge Power Limit,101,1,0,0,0,0,0,0,3,0.125,0.0,0,1,30000,0,,8191.875,0.0,kW,0
持续放电功率限制,Const Discharge Power Limit,102,1,0,0,0,0,0,0,3,0.125,0.0,0,1,30000,0,,8191.875,0.0,kW,0
最大电芯电压,Max Cell Voltage,103,1,0,0,0,0,0,0,0,1.0,0.0,0,1,30000,0,,5000.0,0.0,mV,0
最大电芯电压位置,Max Cell Voltage Position,104,1,0,0,0,0,0,0,0,1.0,0.0,0,1,30000,0,,2047.0,0.0,,0
最小电芯电压,Min Cell Voltage,105,1,0,0,0,0,0,0,0,1.0,0.0,0,1,30000,0,,5000.0,0.0,mV,0
最小电芯电压位置,Min Cell Voltage Position,106,1,0,0,0,0,0,0,0,1.0,0.0,0,1,30000,0,,2047.0,0.0,,0
平均电芯电压,Average Cell Voltage,107,1,0,0,0,0,0,0,0,1.0,0.0,0,1,30000,0,,5000.0,0.0,mV,0
最高电芯温度,Max Module Temp,108,1,0,0,0,0,0,0,1,0.1,-40.0,0,1,30000,0,,125.1,-40.0,℃,0
预留占位4,Reserved4,109,1,0,0,0,0,0,0,0,1.0,0.0,0,1,30000,0,,255.0,0.0,,0
最低电芯温度,Min Cell Temp,110,1,0,0,0,0,0,0,1,0.1,-40.0,0,1,30000,0,,125.1,-40.0,℃,0
导致MCU复位的故障原因,Fault Causes Leading to MCU Reset,111,1,0,0,0,0,0,0,0,1.0,0.0,0,1,30000,0,,255.0,0.0,Nbr,0
平均电芯温度,Average Cell Temp,112,1,0,0,0,0,0,0,1,0.1,-40.0,0,1,30000,0,,125.1,-40.0,℃,0
最高极柱温度,Max Pole Temp,113,1,0,0,0,0,0,0,1,0.1,-40.0,0,1,30000,0,,125.1,-40.0,℃,0
最高极柱温度位置,Max Pole Temp Position,114,1,0,0,0,0,0,0,0,1.0,0.0,0,1,30000,0,,255.0,0.0,,0
最低极柱温度,Min Pole Temp,115,1,0,0,0,0,0,0,1,0.1,-40.0,0,1,30000,0,,125.1,-40.0,℃,0
最低极柱温度位置,Min Pole Temp Position,116,1,0,0,0,0,0,0,0,1.0,0.0,0,1,30000,0,,255.0,0.0,,0
最高极柱温度模组位置,Max Pole Temp Module Position,117,1,0,0,0,0,0,0,0,1.0,0.0,0,1,30000,0,,255.0,0.0,,0
最低极柱温度模组位置,Min Pole Temp Module Position,118,1,0,0,0,0,0,0,0,1.0,0.0,0,1,30000,0,,255.0,0.0,,0
平均极柱温度,Average Pole Temp,119,1,0,0,0,0,0,0,1,0.1,-40.0,0,1,30000,0,,125.1,-40.0,℃,0
通讯类型,Communication Type,120,1,0,0,0,0,0,0,0,1.0,0.0,0,1,30000,0,,255.0,0.0,Nbr,0
Rack BMS心跳信号,Rack BMS Heartbeat,121,1,0,0,0,0,0,0,0,1.0,0.0,0,1,30000,0,,65535.0,0.0,,0
可充容量,Remaining Charge Cap,122,1,0,0,0,0,0,0,0,1.0,0.0,0,1,30000,0,,65535.0,0.0,Ah,0
可放容量,Remaining Discharge Cap,123,1,0,0,0,0,0,0,0,1.0,0.0,0,1,30000,0,,65535.0,0.0,Ah,0
最近一次簇满充容量,Rack Last Full-Charge Cap,124,1,0,0,0,0,0,0,0,1.0,0.0,0,1,30000,0,,65535.0,0.0,Ah,0
最近一次簇满放容量,Rack Last Full-Discharge Cap,125,1,0,0,0,0,0,0,0,1.0,0.0,0,1,30000,0,,65535.0,0.0,Ah,0
等效完整充放电循环次数,Full Equiv Ch-Disch Cycles,126,1,0,0,0,0,0,0,0,1.0,0.0,0,1,30000,0,,65535.0,0.0,,0
最高极柱温度模组内位置,Max Pole Temp Module Inner Position,127,1,0,0,0,0,0,0,0,1.0,0.0,0,1,30000,0,,255.0,0.0,,0
最低极柱温度模组内位置,Min Pole Temp Module Inner Position,128,1,0,0,0,0,0,0,0,1.0,0.0,0,1,30000,0,,255.0,0.0,,0
最高AFE芯片温度,Max AFE Chip Temperature,129,1,0,0,0,0,0,0,0,1.0,-40.0,0,1,30000,0,,215.0,-40.0,℃,0
最低AFE温度,Min AFE Temperature,130,1,0,0,0,0,0,0,0,1.0,-40.0,0,1,30000,0,,215.0,-40.0,℃,0
MCU复位源,MCU Reset Source,131,1,0,0,0,0,0,0,0,1.0,0.0,0,1,30000,0,,65535.0,0.0,,0
RBMS采样有效性标志,RBMS Sampling Validity Flag,132,1,0,0,0,0,0,0,0,1.0,0.0,0,1,30000,0,,65535.0,0.0,,0
绝缘总压,Total Insulation Voltage,133,1,0,0,0,0,0,0,0,1.0,0.0,0,1,30000,0,,65535.0,0.0,V,0
绝缘正对地电压,Insulation Positive to GND Voltage,134,1,0,0,0,0,0,0,0,1.0,0.0,0,1,30000,0,,65535.0,0.0,V,0
绝缘负对地电压,Insulation Negative to GND Voltage,135,1,0,0,0,0,0,0,0,1.0,0.0,0,1,30000,0,,65535.0,0.0,V,0
绝缘测量状态,Insulation Measure Status,136,1,0,0,0,0,0,0,0,1.0,0.0,0,1,30000,0,,65535.0,0.0,,0
最近一次簇充电能量,Rack Last Charge Energy,137,1,0,0,0,0,0,0,1,0.1,0.0,0,1,30000,0,,6553.5,0.0,kWh,0
最近一次簇放电能量,Rack Last Discharge Energy,138,1,0,0,0,0,0,0,1,0.1,0.0,0,1,30000,0,,6553.5,0.0,kWh,0
最高均衡板温,Max Balancing Board Temp,139,1,0,0,0,0,0,0,1,0.1,-40.0,0,1,30000,0,,6513.5,-40.0,℃,0
最大剩余均衡时间,Max Balancing Remain Time,140,1,0,0,0,0,0,0,0,1.0,0.0,0,1,30000,0,,65535.0,0.0,Min,0
Rack真实SOH,Rack Real SOH,141,1,0,0,0,0,0,0,2,0.01,0.0,0,1,30000,0,,655.35,0.0,%,0
电池簇最大可用容量,Rack Max Available Capacity,142,1,0,0,0,0,0,0,1,0.1,0.0,0,1,30000,0,,6553.5,0.0,Ah,0
最小电芯真实容量,Min Cell Real Capacity,143,1,0,0,0,0,0,0,1,0.1,0.0,0,1,30000,0,,6553.5,0.0,Ah,0
RBMS最大SOC,RBMS Max SOC,144,1,0,0,0,0,0,0,2,0.01,0.0,0,1,30000,0,,655.35,0.0,%,0
RBMS最小SOC,RBMS Min SOC,145,1,0,0,0,0,0,0,2,0.01,0.0,0,1,30000,0,,655.35,0.0,%,0
Rack真实SOC,Rack Real SOC,146,1,0,0,0,0,0,0,2,0.01,0.0,0,1,30000,0,,100.0,0.0,%,0
累计放电容量,Accu Discharge Cap,147,1,0,0,0,0,0,0,4,0.0625,0.0,0,1,30000,0,,268435455.9375,0.0,Ah,0
累计放电能量,Accu Discharge Eng,148,1,0,0,0,0,0,0,4,0.0625,0.0,0,1,30000,0,,268435455.9375,0.0,kWh,0
累计充电容量,Accu Charge Cap,149,1,0,0,0,0,0,0,4,0.0625,0.0,0,1,30000,0,,268435455.9375,0.0,Ah,0
累计充电能量,Accu Charge Eng,150,1,0,0,0,0,0,0,4,0.0625,0.0,0,1,30000,0,,268435455.9375,0.0,kWh,0
Rack故障等级,Rack Fault Level,151,1,0,0,0,0,0,0,0,1.0,0.0,0,1,30000,0,,255.0,0.0,,0
最大电压电芯对应温度,Max Voltage Cell Temp,152,1,0,0,0,0,0,0,1,0.1,-40.0,0,1,30000,0,,125.1,-40.0,℃,0
最小电压电芯对应温度,Min Voltage Cell Temp,153,1,0,0,0,0,0,0,1,0.1,-40.0,0,1,30000,0,,125.1,-40.0,℃,0
最大电压电芯温度有效性,Max Voltage Cell Temp Validity,154,1,0,0,0,0,0,0,0,1.0,0.0,0,1,30000,0,,255.0,0.0,flg,0
最小电压电芯温度有效性,Min Voltage Cell Temp Validity,155,1,0,0,0,0,0,0,0,1.0,0.0,0,1,30000,0,,255.0,0.0,flg,0
总线电流,DC Bus Current,156,1,0,0,0,0,0,0,3,0.125,-2000.0,0,1,30000,0,,6191.875,-2000.0,A,0
传感器1的簇电流,Rack Current of Sensor 1,157,1,0,0,0,0,0,0,3,0.125,-2000.0,0,1,30000,0,,6191.875,-2000.0,A,0
传感器2的簇电流,Rack Current of Sensor 2,158,1,0,0,0,0,0,0,3,0.125,-2000.0,0,1,30000,0,,6191.875,-2000.0,A,0
最低均衡板温,Min Balancing Board Temp,159,1,0,0,0,0,0,0,1,0.1,-40.0,0,1,30000,0,,6513.5,-40.0,℃,0
预充电阻温度,Precharge Resistor Temp,160,1,0,0,0,0,0,0,0,1.0,-40.0,0,1,30000,0,,215.0,-40.0,℃,0
继电器控制命令,Relay Control Cmd,161,1,0,0,0,0,0,0,0,1.0,0.0,0,1,30000,0,,255.0,0.0,,0
故障信息,Fault Event,162,1,0,0,0,0,0,0,0,1.0,0.0,0,1,30000,0,,4294967295.0,0.0,,0
附件状态,Attachment Status,163,1,0,0,0,0,0,0,0,1.0,0.0,0,1,30000,0,,255.0,0.0,,0
预留占位2,Reserved2,164,1,0,0,0,0,0,0,0,1.0,0.0,0,1,30000,0,,255.0,0.0,,0
最高电芯电压模组位置,Max Cell Voltage Module Position,165,1,0,0,0,0,0,0,0,1.0,0.0,0,1,30000,0,,65535.0,0.0,Nbr,0
最低电芯电压模组位置,Min Cell Voltage Module Position,166,1,0,0,0,0,0,0,0,1.0,0.0,0,1,30000,0,,65535.0,0.0,Nbr,0
最高电芯温度模组位置,Max Cell Temp Module Position,167,1,0,0,0,0,0,0,0,1.0,0.0,0,1,30000,0,,65535.0,0.0,Nbr,0
最低电芯温度模组位置,Min Cell Temp Module Position,168,1,0,0,0,0,0,0,0,1.0,0.0,0,1,30000,0,,65535.0,0.0,Nbr,0
最高电芯电压模组内位置,Max Cell Voltage Module Inner Position,169,1,0,0,0,0,0,0,0,1.0,0.0,0,1,30000,0,,65535.0,0.0,Nbr,0
最低电芯电压模组内位置,Min Cell Voltage Module Inner Position,170,1,0,0,0,0,0,0,0,1.0,0.0,0,1,30000,0,,65535.0,0.0,Nbr,0
最高电芯温度模组内位置,Max Cell Temp Module Inner Position,171,1,0,0,0,0,0,0,0,1.0,0.0,0,1,30000,0,,65535.0,0.0,Nbr,0
最低电芯温度模组内位置,Min Cell Temp Module Inner Position,172,1,0,0,0,0,0,0,0,1.0,0.0,0,1,30000,0,,65535.0,0.0,Nbr,0
AFE菊花链主链节点数,AFE Daisy Chain Master Chain Nodes,173,1,0,0,0,0,0,0,0,1.0,0.0,0,1,30000,0,,255.0,0.0,Nbr,0
AFE菊花链副链节点数,AFE Daisy Chain Slave Chain Nodes,174,1,0,0,0,0,0,0,0,1.0,0.0,0,1,30000,0,,255.0,0.0,Nbr,0
最高电芯温度位置,Max Cell Temp Position,175,1,0,0,0,0,0,0,0,1.0,0.0,0,1,30000,0,,65535.0,0.0,,0
最低电芯温度位置,Min Module Temp Position,176,1,0,0,0,0,0,0,0,1.0,0.0,0,1,30000,0,,65535.0,0.0,,0
累计放电容量,Accu Discharge Cap,177,1,0,0,0,0,0,0,0,1.0,0.0,0,1,30000,0,,4294967295.0,0.0,Ah,0
累计放电能量,Accu Discharge Eng,178,1,0,0,0,0,0,0,0,1.0,0.0,0,1,30000,0,,4294967295.0,0.0,kWh,0
累计充电容量,Accu Charge Cap,179,1,0,0,0,0,0,0,0,1.0,0.0,0,1,30000,0,,4294967295.0,0.0,Ah,0
累计充电能量,Accu Charge Eng,180,1,0,0,0,0,0,0,0,1.0,0.0,0,1,30000,0,,4294967295.0,0.0,kWh,0
最近一次簇充电容量,Rack Last Charge Cap,181,1,0,0,0,0,0,0,1,0.1,0.0,0,1,30000,0,,6553.5,0.0,Ah,0
最近一次簇放电容量,Rack Last Discharge Cap,182,1,0,0,0,0,0,0,1,0.1,0.0,0,1,30000,0,,6553.5,0.0,Ah,0
基于故障的放电功率限制系数,Fault-based Discharge Power Limit Coefficient,183,1,0,0,0,0,0,0,0,1.0,0.0,0,1,30000,0,,255.0,0.0,%,0
基于故障的充电功率限制系数,Fault-based Charge Power Limit Coefficient,184,1,0,0,0,0,0,0,0,1.0,0.0,0,1,30000,0,,255.0,0.0,%,0
电流传感器供电电压,Current Sensor Power Supply Volt,185,1,0,0,0,0,0,0,0,1.0,0.0,0,1,30000,0,,65535.0,0.0,V,0
高压箱温度T0,HV Box Temperature0,186,1,0,0,0,0,0,0,1,0.1,-40.0,0,1,30000,0,,6513.5,-40.0,℃,0
高压箱温度T1,HV Box Temperature1,187,1,0,0,0,0,0,0,1,0.1,-40.0,0,1,30000,0,,6513.5,-40.0,℃,0
高压箱温度T2,HV Box Temperature2,188,1,0,0,0,0,0,0,1,0.1,-40.0,0,1,30000,0,,6513.5,-40.0,℃,0
高压箱温度T3,HV Box Temperature3,189,1,0,0,0,0,0,0,1,0.1,-40.0,0,1,30000,0,,6513.5,-40.0,℃,0
发送至PCS的充电限制电压,Charge Voltage Limit to PCS,190,1,0,0,0,0,0,0,1,0.1,0.0,0,1,30000,0,,6553.5,0.0,V,0
发送至PCS的放电限制电压,Discharge Voltage Limit to PCS,191,1,0,0,0,0,0,0,1,0.1,0.0,0,1,30000,0,,6553.5,0.0,V,0
发送至PCS的SOP,SOP to PCS,192,1,0,0,0,0,0,0,1,0.1,0.0,0,1,30000,0,,6553.5,0.0,kW,0
发送至PCS的BMS状态,BMS Status to PCS,193,1,0,0,0,0,0,0,0,1.0,0.0,0,1,30000,0,,65535.0,0.0,Nbr,0
电芯电压有效性[0],Cell Voltage Validity [0],194,1,0,0,0,0,0,0,0,1.0,0.0,0,1,30000,0,,255.0,0.0,flg,0
电芯电压有效性[1],Cell Voltage Validity [1],195,1,0,0,0,0,0,0,0,1.0,0.0,0,1,30000,0,,255.0,0.0,flg,0
电芯电压有效性[2],Cell Voltage Validity [2],196,1,0,0,0,0,0,0,0,1.0,0.0,0,1,30000,0,,255.0,0.0,flg,0
电芯电压有效性[3],Cell Voltage Validity [3],197,1,0,0,0,0,0,0,0,1.0,0.0,0,1,30000,0,,255.0,0.0,flg,0
电芯电压有效性[4],Cell Voltage Validity [4],198,1,0,0,0,0,0,0,0,1.0,0.0,0,1,30000,0,,255.0,0.0,flg,0
电芯电压有效性[5],Cell Voltage Validity [5],199,1,0,0,0,0,0,0,0,1.0,0.0,0,1,30000,0,,255.0,0.0,flg,0
电芯电压有效性[6],Cell Voltage Validity [6],200,1,0,0,0,0,0,0,0,1.0,0.0,0,1,30000,0,,255.0,0.0,flg,0
电芯电压有效性[7],Cell Voltage Validity [7],201,1,0,0,0,0,0,0,0,1.0,0.0,0,1,30000,0,,255.0,0.0,flg,0
电芯电压有效性[8],Cell Voltage Validity [8],202,1,0,0,0,0,0,0,0,1.0,0.0,0,1,30000,0,,255.0,0.0,flg,0
电芯电压有效性[9],Cell Voltage Validity [9],203,1,0,0,0,0,0,0,0,1.0,0.0,0,1,30000,0,,255.0,0.0,flg,0
电芯电压有效性[10],Cell Voltage Validity [10],204,1,0,0,0,0,0,0,0,1.0,0.0,0,1,30000,0,,255.0,0.0,flg,0
电芯电压有效性[11],Cell Voltage Validity [11],205,1,0,0,0,0,0,0,0,1.0,0.0,0,1,30000,0,,255.0,0.0,flg,0
电芯电压有效性[12],Cell Voltage Validity [12],206,1,0,0,0,0,0,0,0,1.0,0.0,0,1,30000,0,,255.0,0.0,flg,0
电芯电压有效性[13],Cell Voltage Validity [13],207,1,0,0,0,0,0,0,0,1.0,0.0,0,1,30000,0,,255.0,0.0,flg,0
电芯电压有效性[14],Cell Voltage Validity [14],208,1,0,0,0,0,0,0,0,1.0,0.0,0,1,30000,0,,255.0,0.0,flg,0
电芯电压有效性[15],Cell Voltage Validity [15],209,1,0,0,0,0,0,0,0,1.0,0.0,0,1,30000,0,,255.0,0.0,flg,0
电芯电压有效性[16],Cell Voltage Validity [16],210,1,0,0,0,0,0,0,0,1.0,0.0,0,1,30000,0,,255.0,0.0,flg,0
电芯电压有效性[17],Cell Voltage Validity [17],211,1,0,0,0,0,0,0,0,1.0,0.0,0,1,30000,0,,255.0,0.0,flg,0
电芯电压有效性[18],Cell Voltage Validity [18],212,1,0,0,0,0,0,0,0,1.0,0.0,0,1,30000,0,,255.0,0.0,flg,0
电芯电压有效性[19],Cell Voltage Validity [19],213,1,0,0,0,0,0,0,0,1.0,0.0,0,1,30000,0,,255.0,0.0,flg,0
电芯电压有效性[20],Cell Voltage Validity [20],214,1,0,0,0,0,0,0,0,1.0,0.0,0,1,30000,0,,255.0,0.0,flg,0
电芯电压有效性[21],Cell Voltage Validity [21],215,1,0,0,0,0,0,0,0,1.0,0.0,0,1,30000,0,,255.0,0.0,flg,0
电芯电压有效性[22],Cell Voltage Validity [22],216,1,0,0,0,0,0,0,0,1.0,0.0,0,1,30000,0,,255.0,0.0,flg,0
电芯电压有效性[23],Cell Voltage Validity [23],217,1,0,0,0,0,0,0,0,1.0,0.0,0,1,30000,0,,255.0,0.0,flg,0
电芯电压有效性[24],Cell Voltage Validity [24],218,1,0,0,0,0,0,0,0,1.0,0.0,0,1,30000,0,,255.0,0.0,flg,0
电芯电压有效性[25],Cell Voltage Validity [25],219,1,0,0,0,0,0,0,0,1.0,0.0,0,1,30000,0,,255.0,0.0,flg,0
电芯电压有效性[26],Cell Voltage Validity [26],220,1,0,0,0,0,0,0,0,1.0,0.0,0,1,30000,0,,255.0,0.0,flg,0
电芯电压有效性[27],Cell Voltage Validity [27],221,1,0,0,0,0,0,0,0,1.0,0.0,0,1,30000,0,,255.0,0.0,flg,0
电芯电压有效性[28],Cell Voltage Validity [28],222,1,0,0,0,0,0,0,0,1.0,0.0,0,1,30000,0,,255.0,0.0,flg,0
电芯电压有效性[29],Cell Voltage Validity [29],223,1,0,0,0,0,0,0,0,1.0,0.0,0,1,30000,0,,255.0,0.0,flg,0
电芯电压有效性[30],Cell Voltage Validity [30],224,1,0,0,0,0,0,0,0,1.0,0.0,0,1,30000,0,,255.0,0.0,flg,0
电芯电压有效性[31],Cell Voltage Validity [31],225,1,0,0,0,0,0,0,0,1.0,0.0,0,1,30000,0,,255.0,0.0,flg,0
电芯电压有效性[32],Cell Voltage Validity [32],226,1,0,0,0,0,0,0,0,1.0,0.0,0,1,30000,0,,255.0,0.0,flg,0
电芯电压有效性[33],Cell Voltage Validity [33],227,1,0,0,0,0,0,0,0,1.0,0.0,0,1,30000,0,,255.0,0.0,flg,0
电芯电压有效性[34],Cell Voltage Validity [34],228,1,0,0,0,0,0,0,0,1.0,0.0,0,1,30000,0,,255.0,0.0,flg,0
电芯电压有效性[35],Cell Voltage Validity [35],229,1,0,0,0,0,0,0,0,1.0,0.0,0,1,30000,0,,255.0,0.0,flg,0
电芯电压有效性[36],Cell Voltage Validity [36],230,1,0,0,0,0,0,0,0,1.0,0.0,0,1,30000,0,,255.0,0.0,flg,0
电芯电压有效性[37],Cell Voltage Validity [37],231,1,0,0,0,0,0,0,0,1.0,0.0,0,1,30000,0,,255.0,0.0,flg,0
电芯电压有效性[38],Cell Voltage Validity [38],232,1,0,0,0,0,0,0,0,1.0,0.0,0,1,30000,0,,255.0,0.0,flg,0
电芯电压有效性[39],Cell Voltage Validity [39],233,1,0,0,0,0,0,0,0,1.0,0.0,0,1,30000,0,,255.0,0.0,flg,0
电芯电压有效性[40],Cell Voltage Validity [40],234,1,0,0,0,0,0,0,0,1.0,0.0,0,1,30000,0,,255.0,0.0,flg,0
电芯电压有效性[41],Cell Voltage Validity [41],235,1,0,0,0,0,0,0,0,1.0,0.0,0,1,30000,0,,255.0,0.0,flg,0
电芯电压有效性[42],Cell Voltage Validity [42],236,1,0,0,0,0,0,0,0,1.0,0.0,0,1,30000,0,,255.0,0.0,flg,0
电芯电压有效性[43],Cell Voltage Validity [43],237,1,0,0,0,0,0,0,0,1.0,0.0,0,1,30000,0,,255.0,0.0,flg,0
电芯电压有效性[44],Cell Voltage Validity [44],238,1,0,0,0,0,0,0,0,1.0,0.0,0,1,30000,0,,255.0,0.0,flg,0
电芯电压有效性[45],Cell Voltage Validity [45],239,1,0,0,0,0,0,0,0,1.0,0.0,0,1,30000,0,,255.0,0.0,flg,0
电芯电压有效性[46],Cell Voltage Validity [46],240,1,0,0,0,0,0,0,0,1.0,0.0,0,1,30000,0,,255.0,0.0,flg,0
电芯电压有效性[47],Cell Voltage Validity [47],241,1,0,0,0,0,0,0,0,1.0,0.0,0,1,30000,0,,255.0,0.0,flg,0
电芯电压有效性[48],Cell Voltage Validity [48],242,1,0,0,0,0,0,0,0,1.0,0.0,0,1,30000,0,,255.0,0.0,flg,0
电芯电压有效性[49],Cell Voltage Validity [49],243,1,0,0,0,0,0,0,0,1.0,0.0,0,1,30000,0,,255.0,0.0,flg,0
电芯电压有效性[50],Cell Voltage Validity [50],244,1,0,0,0,0,0,0,0,1.0,0.0,0,1,30000,0,,255.0,0.0,flg,0
电芯电压有效性[51],Cell Voltage Validity [51],245,1,0,0,0,0,0,0,0,1.0,0.0,0,1,30000,0,,255.0,0.0,flg,0
电芯电压[0],Cell Voltage [0],246,1,0,0,0,0,0,0,0,1.0,0.0,0,1,30000,0,,5000.0,0.0,mV,0
电芯电压[1],Cell Voltage [1],247,1,0,0,0,0,0,0,0,1.0,0.0,0,1,30000,0,,5000.0,0.0,mV,0
电芯电压[2],Cell Voltage [2],248,1,0,0,0,0,0,0,0,1.0,0.0,0,1,30000,0,,5000.0,0.0,mV,0
电芯电压[3],Cell Voltage [3],249,1,0,0,0,0,0,0,0,1.0,0.0,0,1,30000,0,,5000.0,0.0,mV,0
电芯电压[4],Cell Voltage [4],250,1,0,0,0,0,0,0,0,1.0,0.0,0,1,30000,0,,5000.0,0.0,mV,0
电芯电压[5],Cell Voltage [5],251,1,0,0,0,0,0,0,0,1.0,0.0,0,1,30000,0,,5000.0,0.0,mV,0
电芯电压[6],Cell Voltage [6],252,1,0,0,0,0,0,0,0,1.0,0.0,0,1,30000,0,,5000.0,0.0,mV,0
电芯电压[7],Cell Voltage [7],253,1,0,0,0,0,0,0,0,1.0,0.0,0,1,30000,0,,5000.0,0.0,mV,0
电芯电压[8],Cell Voltage [8],254,1,0,0,0,0,0,0,0,1.0,0.0,0,1,30000,0,,5000.0,0.0,mV,0
电芯电压[9],Cell Voltage [9],255,1,0,0,0,0,0,0,0,1.0,0.0,0,1,30000,0,,5000.0,0.0,mV,0
电芯电压[10],Cell Voltage [10],256,1,0,0,0,0,0,0,0,1.0,0.0,0,1,30000,0,,5000.0,0.0,mV,0
电芯电压[11],Cell Voltage [11],257,1,0,0,0,0,0,0,0,1.0,0.0,0,1,30000,0,,5000.0,0.0,mV,0
电芯电压[12],Cell Voltage [12],258,1,0,0,0,0,0,0,0,1.0,0.0,0,1,30000,0,,5000.0,0.0,mV,0
电芯电压[13],Cell Voltage [13],259,1,0,0,0,0,0,0,0,1.0,0.0,0,1,30000,0,,5000.0,0.0,mV,0
电芯电压[14],Cell Voltage [14],260,1,0,0,0,0,0,0,0,1.0,0.0,0,1,30000,0,,5000.0,0.0,mV,0
电芯电压[15],Cell Voltage [15],261,1,0,0,0,0,0,0,0,1.0,0.0,0,1,30000,0,,5000.0,0.0,mV,0
电芯电压[16],Cell Voltage [16],262,1,0,0,0,0,0,0,0,1.0,0.0,0,1,30000,0,,5000.0,0.0,mV,0
电芯电压[17],Cell Voltage [17],263,1,0,0,0,0,0,0,0,1.0,0.0,0,1,30000,0,,5000.0,0.0,mV,0
电芯电压[18],Cell Voltage [18],264,1,0,0,0,0,0,0,0,1.0,0.0,0,1,30000,0,,5000.0,0.0,mV,0
电芯电压[19],Cell Voltage [19],265,1,0,0,0,0,0,0,0,1.0,0.0,0,1,30000,0,,5000.0,0.0,mV,0
电芯电压[20],Cell Voltage [20],266,1,0,0,0,0,0,0,0,1.0,0.0,0,1,30000,0,,5000.0,0.0,mV,0
电芯电压[21],Cell Voltage [21],267,1,0,0,0,0,0,0,0,1.0,0.0,0,1,30000,0,,5000.0,0.0,mV,0
电芯电压[22],Cell Voltage [22],268,1,0,0,0,0,0,0,0,1.0,0.0,0,1,30000,0,,5000.0,0.0,mV,0
电芯电压[23],Cell Voltage [23],269,1,0,0,0,0,0,0,0,1.0,0.0,0,1,30000,0,,5000.0,0.0,mV,0
电芯电压[24],Cell Voltage [24],270,1,0,0,0,0,0,0,0,1.0,0.0,0,1,30000,0,,5000.0,0.0,mV,0
电芯电压[25],Cell Voltage [25],271,1,0,0,0,0,0,0,0,1.0,0.0,0,1,30000,0,,5000.0,0.0,mV,0
电芯电压[26],Cell Voltage [26],272,1,0,0,0,0,0,0,0,1.0,0.0,0,1,30000,0,,5000.0,0.0,mV,0
电芯电压[27],Cell Voltage [27],273,1,0,0,0,0,0,0,0,1.0,0.0,0,1,30000,0,,5000.0,0.0,mV,0
电芯电压[28],Cell Voltage [28],274,1,0,0,0,0,0,0,0,1.0,0.0,0,1,30000,0,,5000.0,0.0,mV,0
电芯电压[29],Cell Voltage [29],275,1,0,0,0,0,0,0,0,1.0,0.0,0,1,30000,0,,5000.0,0.0,mV,0
电芯电压[30],Cell Voltage [30],276,1,0,0,0,0,0,0,0,1.0,0.0,0,1,30000,0,,5000.0,0.0,mV,0
电芯电压[31],Cell Voltage [31],277,1,0,0,0,0,0,0,0,1.0,0.0,0,1,30000,0,,5000.0,0.0,mV,0
电芯电压[32],Cell Voltage [32],278,1,0,0,0,0,0,0,0,1.0,0.0,0,1,30000,0,,5000.0,0.0,mV,0
电芯电压[33],Cell Voltage [33],279,1,0,0,0,0,0,0,0,1.0,0.0,0,1,30000,0,,5000.0,0.0,mV,0
电芯电压[34],Cell Voltage [34],280,1,0,0,0,0,0,0,0,1.0,0.0,0,1,30000,0,,5000.0,0.0,mV,0
电芯电压[35],Cell Voltage [35],281,1,0,0,0,0,0,0,0,1.0,0.0,0,1,30000,0,,5000.0,0.0,mV,0
电芯电压[36],Cell Voltage [36],282,1,0,0,0,0,0,0,0,1.0,0.0,0,1,30000,0,,5000.0,0.0,mV,0
电芯电压[37],Cell Voltage [37],283,1,0,0,0,0,0,0,0,1.0,0.0,0,1,30000,0,,5000.0,0.0,mV,0
电芯电压[38],Cell Voltage [38],284,1,0,0,0,0,0,0,0,1.0,0.0,0,1,30000,0,,5000.0,0.0,mV,0
电芯电压[39],Cell Voltage [39],285,1,0,0,0,0,0,0,0,1.0,0.0,0,1,30000,0,,5000.0,0.0,mV,0
电芯电压[40],Cell Voltage [40],286,1,0,0,0,0,0,0,0,1.0,0.0,0,1,30000,0,,5000.0,0.0,mV,0
电芯电压[41],Cell Voltage [41],287,1,0,0,0,0,0,0,0,1.0,0.0,0,1,30000,0,,5000.0,0.0,mV,0
电芯电压[42],Cell Voltage [42],288,1,0,0,0,0,0,0,0,1.0,0.0,0,1,30000,0,,5000.0,0.0,mV,0
电芯电压[43],Cell Voltage [43],289,1,0,0,0,0,0,0,0,1.0,0.0,0,1,30000,0,,5000.0,0.0,mV,0
电芯电压[44],Cell Voltage [44],290,1,0,0,0,0,0,0,0,1.0,0.0,0,1,30000,0,,5000.0,0.0,mV,0
电芯电压[45],Cell Voltage [45],291,1,0,0,0,0,0,0,0,1.0,0.0,0,1,30000,0,,5000.0,0.0,mV,0
电芯电压[46],Cell Voltage [46],292,1,0,0,0,0,0,0,0,1.0,0.0,0,1,30000,0,,5000.0,0.0,mV,0
电芯电压[47],Cell Voltage [47],293,1,0,0,0,0,0,0,0,1.0,0.0,0,1,30000,0,,5000.0,0.0,mV,0
电芯电压[48],Cell Voltage [48],294,1,0,0,0,0,0,0,0,1.0,0.0,0,1,30000,0,,5000.0,0.0,mV,0
电芯电压[49],Cell Voltage [49],295,1,0,0,0,0,0,0,0,1.0,0.0,0,1,30000,0,,5000.0,0.0,mV,0
电芯电压[50],Cell Voltage [50],296,1,0,0,0,0,0,0,0,1.0,0.0,0,1,30000,0,,5000.0,0.0,mV,0
电芯电压[51],Cell Voltage [51],297,1,0,0,0,0,0,0,0,1.0,0.0,0,1,30000,0,,5000.0,0.0,mV,0
电芯电压[52],Cell Voltage [52],298,1,0,0,0,0,0,0,0,1.0,0.0,0,1,30000,0,,5000.0,0.0,mV,0
电芯电压[53],Cell Voltage [53],299,1,0,0,0,0,0,0,0,1.0,0.0,0,1,30000,0,,5000.0,0.0,mV,0
电芯电压[54],Cell Voltage [54],300,1,0,0,0,0,0,0,0,1.0,0.0,0,1,30000,0,,5000.0,0.0,mV,0
电芯电压[55],Cell Voltage [55],301,1,0,0,0,0,0,0,0,1.0,0.0,0,1,30000,0,,5000.0,0.0,mV,0
电芯电压[56],Cell Voltage [56],302,1,0,0,0,0,0,0,0,1.0,0.0,0,1,30000,0,,5000.0,0.0,mV,0
电芯电压[57],Cell Voltage [57],303,1,0,0,0,0,0,0,0,1.0,0.0,0,1,30000,0,,5000.0,0.0,mV,0
电芯电压[58],Cell Voltage [58],304,1,0,0,0,0,0,0,0,1.0,0.0,0,1,30000,0,,5000.0,0.0,mV,0
电芯电压[59],Cell Voltage [59],305,1,0,0,0,0,0,0,0,1.0,0.0,0,1,30000,0,,5000.0,0.0,mV,0
电芯电压[60],Cell Voltage [60],306,1,0,0,0,0,0,0,0,1.0,0.0,0,1,30000,0,,5000.0,0.0,mV,0
电芯电压[61],Cell Voltage [61],307,1,0,0,0,0,0,0,0,1.0,0.0,0,1,30000,0,,5000.0,0.0,mV,0
电芯电压[62],Cell Voltage [62],308,1,0,0,0,0,0,0,0,1.0,0.0,0,1,30000,0,,5000.0,0.0,mV,0
电芯电压[63],Cell Voltage [63],309,1,0,0,0,0,0,0,0,1.0,0.0,0,1,30000,0,,5000.0,0.0,mV,0
电芯电压[64],Cell Voltage [64],310,1,0,0,0,0,0,0,0,1.0,0.0,0,1,30000,0,,5000.0,0.0,mV,0
电芯电压[65],Cell Voltage [65],311,1,0,0,0,0,0,0,0,1.0,0.0,0,1,30000,0,,5000.0,0.0,mV,0
电芯电压[66],Cell Voltage [66],312,1,0,0,0,0,0,0,0,1.0,0.0,0,1,30000,0,,5000.0,0.0,mV,0
电芯电压[67],Cell Voltage [67],313,1,0,0,0,0,0,0,0,1.0,0.0,0,1,30000,0,,5000.0,0.0,mV,0
电芯电压[68],Cell Voltage [68],314,1,0,0,0,0,0,0,0,1.0,0.0,0,1,30000,0,,5000.0,0.0,mV,0
电芯电压[69],Cell Voltage [69],315,1,0,0,0,0,0,0,0,1.0,0.0,0,1,30000,0,,5000.0,0.0,mV,0
电芯电压[70],Cell Voltage [70],316,1,0,0,0,0,0,0,0,1.0,0.0,0,1,30000,0,,5000.0,0.0,mV,0
电芯电压[71],Cell Voltage [71],317,1,0,0,0,0,0,0,0,1.0,0.0,0,1,30000,0,,5000.0,0.0,mV,0
电芯电压[72],Cell Voltage [72],318,1,0,0,0,0,0,0,0,1.0,0.0,0,1,30000,0,,5000.0,0.0,mV,0
电芯电压[73],Cell Voltage [73],319,1,0,0,0,0,0,0,0,1.0,0.0,0,1,30000,0,,5000.0,0.0,mV,0
电芯电压[74],Cell Voltage [74],320,1,0,0,0,0,0,0,0,1.0,0.0,0,1,30000,0,,5000.0,0.0,mV,0
电芯电压[75],Cell Voltage [75],321,1,0,0,0,0,0,0,0,1.0,0.0,0,1,30000,0,,5000.0,0.0,mV,0
电芯电压[76],Cell Voltage [76],322,1,0,0,0,0,0,0,0,1.0,0.0,0,1,30000,0,,5000.0,0.0,mV,0
电芯电压[77],Cell Voltage [77],323,1,0,0,0,0,0,0,0,1.0,0.0,0,1,30000,0,,5000.0,0.0,mV,0
电芯电压[78],Cell Voltage [78],324,1,0,0,0,0,0,0,0,1.0,0.0,0,1,30000,0,,5000.0,0.0,mV,0
电芯电压[79],Cell Voltage [79],325,1,0,0,0,0,0,0,0,1.0,0.0,0,1,30000,0,,5000.0,0.0,mV,0
电芯电压[80],Cell Voltage [80],326,1,0,0,0,0,0,0,0,1.0,0.0,0,1,30000,0,,5000.0,0.0,mV,0
电芯电压[81],Cell Voltage [81],327,1,0,0,0,0,0,0,0,1.0,0.0,0,1,30000,0,,5000.0,0.0,mV,0
电芯电压[82],Cell Voltage [82],328,1,0,0,0,0,0,0,0,1.0,0.0,0,1,30000,0,,5000.0,0.0,mV,0
电芯电压[83],Cell Voltage [83],329,1,0,0,0,0,0,0,0,1.0,0.0,0,1,30000,0,,5000.0,0.0,mV,0
电芯电压[84],Cell Voltage [84],330,1,0,0,0,0,0,0,0,1.0,0.0,0,1,30000,0,,5000.0,0.0,mV,0
电芯电压[85],Cell Voltage [85],331,1,0,0,0,0,0,0,0,1.0,0.0,0,1,30000,0,,5000.0,0.0,mV,0
电芯电压[86],Cell Voltage [86],332,1,0,0,0,0,0,0,0,1.0,0.0,0,1,30000,0,,5000.0,0.0,mV,0
电芯电压[87],Cell Voltage [87],333,1,0,0,0,0,0,0,0,1.0,0.0,0,1,30000,0,,5000.0,0.0,mV,0
电芯电压[88],Cell Voltage [88],334,1,0,0,0,0,0,0,0,1.0,0.0,0,1,30000,0,,5000.0,0.0,mV,0
电芯电压[89],Cell Voltage [89],335,1,0,0,0,0,0,0,0,1.0,0.0,0,1,30000,0,,5000.0,0.0,mV,0
电芯电压[90],Cell Voltage [90],336,1,0,0,0,0,0,0,0,1.0,0.0,0,1,30000,0,,5000.0,0.0,mV,0
电芯电压[91],Cell Voltage [91],337,1,0,0,0,0,0,0,0,1.0,0.0,0,1,30000,0,,5000.0,0.0,mV,0
电芯电压[92],Cell Voltage [92],338,1,0,0,0,0,0,0,0,1.0,0.0,0,1,30000,0,,5000.0,0.0,mV,0
电芯电压[93],Cell Voltage [93],339,1,0,0,0,0,0,0,0,1.0,0.0,0,1,30000,0,,5000.0,0.0,mV,0
电芯电压[94],Cell Voltage [94],340,1,0,0,0,0,0,0,0,1.0,0.0,0,1,30000,0,,5000.0,0.0,mV,0
电芯电压[95],Cell Voltage [95],341,1,0,0,0,0,0,0,0,1.0,0.0,0,1,30000,0,,5000.0,0.0,mV,0
电芯电压[96],Cell Voltage [96],342,1,0,0,0,0,0,0,0,1.0,0.0,0,1,30000,0,,5000.0,0.0,mV,0
电芯电压[97],Cell Voltage [97],343,1,0,0,0,0,0,0,0,1.0,0.0,0,1,30000,0,,5000.0,0.0,mV,0
电芯电压[98],Cell Voltage [98],344,1,0,0,0,0,0,0,0,1.0,0.0,0,1,30000,0,,5000.0,0.0,mV,0
电芯电压[99],Cell Voltage [99],345,1,0,0,0,0,0,0,0,1.0,0.0,0,1,30000,0,,5000.0,0.0,mV,0
电芯电压[100],Cell Voltage [100],346,1,0,0,0,0,0,0,0,1.0,0.0,0,1,30000,0,,5000.0,0.0,mV,0
电芯电压[101],Cell Voltage [101],347,1,0,0,0,0,0,0,0,1.0,0.0,0,1,30000,0,,5000.0,0.0,mV,0
电芯电压[102],Cell Voltage [102],348,1,0,0,0,0,0,0,0,1.0,0.0,0,1,30000,0,,5000.0,0.0,mV,0
电芯电压[103],Cell Voltage [103],349,1,0,0,0,0,0,0,0,1.0,0.0,0,1,30000,0,,5000.0,0.0,mV,0
电芯电压[104],Cell Voltage [104],350,1,0,0,0,0,0,0,0,1.0,0.0,0,1,30000,0,,5000.0,0.0,mV,0
电芯电压[105],Cell Voltage [105],351,1,0,0,0,0,0,0,0,1.0,0.0,0,1,30000,0,,5000.0,0.0,mV,0
电芯电压[106],Cell Voltage [106],352,1,0,0,0,0,0,0,0,1.0,0.0,0,1,30000,0,,5000.0,0.0,mV,0
电芯电压[107],Cell Voltage [107],353,1,0,0,0,0,0,0,0,1.0,0.0,0,1,30000,0,,5000.0,0.0,mV,0
电芯电压[108],Cell Voltage [108],354,1,0,0,0,0,0,0,0,1.0,0.0,0,1,30000,0,,5000.0,0.0,mV,0
电芯电压[109],Cell Voltage [109],355,1,0,0,0,0,0,0,0,1.0,0.0,0,1,30000,0,,5000.0,0.0,mV,0
电芯电压[110],Cell Voltage [110],356,1,0,0,0,0,0,0,0,1.0,0.0,0,1,30000,0,,5000.0,0.0,mV,0
电芯电压[111],Cell Voltage [111],357,1,0,0,0,0,0,0,0,1.0,0.0,0,1,30000,0,,5000.0,0.0,mV,0
电芯电压[112],Cell Voltage [112],358,1,0,0,0,0,0,0,0,1.0,0.0,0,1,30000,0,,5000.0,0.0,mV,0
电芯电压[113],Cell Voltage [113],359,1,0,0,0,0,0,0,0,1.0,0.0,0,1,30000,0,,5000.0,0.0,mV,0
电芯电压[114],Cell Voltage [114],360,1,0,0,0,0,0,0,0,1.0,0.0,0,1,30000,0,,5000.0,0.0,mV,0
电芯电压[115],Cell Voltage [115],361,1,0,0,0,0,0,0,0,1.0,0.0,0,1,30000,0,,5000.0,0.0,mV,0
电芯电压[116],Cell Voltage [116],362,1,0,0,0,0,0,0,0,1.0,0.0,0,1,30000,0,,5000.0,0.0,mV,0
电芯电压[117],Cell Voltage [117],363,1,0,0,0,0,0,0,0,1.0,0.0,0,1,30000,0,,5000.0,0.0,mV,0
电芯电压[118],Cell Voltage [118],364,1,0,0,0,0,0,0,0,1.0,0.0,0,1,30000,0,,5000.0,0.0,mV,0
电芯电压[119],Cell Voltage [119],365,1,0,0,0,0,0,0,0,1.0,0.0,0,1,30000,0,,5000.0,0.0,mV,0
电芯电压[120],Cell Voltage [120],366,1,0,0,0,0,0,0,0,1.0,0.0,0,1,30000,0,,5000.0,0.0,mV,0
电芯电压[121],Cell Voltage [121],367,1,0,0,0,0,0,0,0,1.0,0.0,0,1,30000,0,,5000.0,0.0,mV,0
电芯电压[122],Cell Voltage [122],368,1,0,0,0,0,0,0,0,1.0,0.0,0,1,30000,0,,5000.0,0.0,mV,0
电芯电压[123],Cell Voltage [123],369,1,0,0,0,0,0,0,0,1.0,0.0,0,1,30000,0,,5000.0,0.0,mV,0
电芯电压[124],Cell Voltage [124],370,1,0,0,0,0,0,0,0,1.0,0.0,0,1,30000,0,,5000.0,0.0,mV,0
电芯电压[125],Cell Voltage [125],371,1,0,0,0,0,0,0,0,1.0,0.0,0,1,30000,0,,5000.0,0.0,mV,0
电芯电压[126],Cell Voltage [126],372,1,0,0,0,0,0,0,0,1.0,0.0,0,1,30000,0,,5000.0,0.0,mV,0
电芯电压[127],Cell Voltage [127],373,1,0,0,0,0,0,0,0,1.0,0.0,0,1,30000,0,,5000.0,0.0,mV,0
电芯电压[128],Cell Voltage [128],374,1,0,0,0,0,0,0,0,1.0,0.0,0,1,30000,0,,5000.0,0.0,mV,0
电芯电压[129],Cell Voltage [129],375,1,0,0,0,0,0,0,0,1.0,0.0,0,1,30000,0,,5000.0,0.0,mV,0
电芯电压[130],Cell Voltage [130],376,1,0,0,0,0,0,0,0,1.0,0.0,0,1,30000,0,,5000.0,0.0,mV,0
电芯电压[131],Cell Voltage [131],377,1,0,0,0,0,0,0,0,1.0,0.0,0,1,30000,0,,5000.0,0.0,mV,0
电芯电压[132],Cell Voltage [132],378,1,0,0,0,0,0,0,0,1.0,0.0,0,1,30000,0,,5000.0,0.0,mV,0
电芯电压[133],Cell Voltage [133],379,1,0,0,0,0,0,0,0,1.0,0.0,0,1,30000,0,,5000.0,0.0,mV,0
电芯电压[134],Cell Voltage [134],380,1,0,0,0,0,0,0,0,1.0,0.0,0,1,30000,0,,5000.0,0.0,mV,0
电芯电压[135],Cell Voltage [135],381,1,0,0,0,0,0,0,0,1.0,0.0,0,1,30000,0,,5000.0,0.0,mV,0
电芯电压[136],Cell Voltage [136],382,1,0,0,0,0,0,0,0,1.0,0.0,0,1,30000,0,,5000.0,0.0,mV,0
电芯电压[137],Cell Voltage [137],383,1,0,0,0,0,0,0,0,1.0,0.0,0,1,30000,0,,5000.0,0.0,mV,0
电芯电压[138],Cell Voltage [138],384,1,0,0,0,0,0,0,0,1.0,0.0,0,1,30000,0,,5000.0,0.0,mV,0
电芯电压[139],Cell Voltage [139],385,1,0,0,0,0,0,0,0,1.0,0.0,0,1,30000,0,,5000.0,0.0,mV,0
电芯电压[140],Cell Voltage [140],386,1,0,0,0,0,0,0,0,1.0,0.0,0,1,30000,0,,5000.0,0.0,mV,0
电芯电压[141],Cell Voltage [141],387,1,0,0,0,0,0,0,0,1.0,0.0,0,1,30000,0,,5000.0,0.0,mV,0
电芯电压[142],Cell Voltage [142],388,1,0,0,0,0,0,0,0,1.0,0.0,0,1,30000,0,,5000.0,0.0,mV,0
电芯电压[143],Cell Voltage [143],389,1,0,0,0,0,0,0,0,1.0,0.0,0,1,30000,0,,5000.0,0.0,mV,0
电芯电压[144],Cell Voltage [144],390,1,0,0,0,0,0,0,0,1.0,0.0,0,1,30000,0,,5000.0,0.0,mV,0
电芯电压[145],Cell Voltage [145],391,1,0,0,0,0,0,0,0,1.0,0.0,0,1,30000,0,,5000.0,0.0,mV,0
电芯电压[146],Cell Voltage [146],392,1,0,0,0,0,0,0,0,1.0,0.0,0,1,30000,0,,5000.0,0.0,mV,0
电芯电压[147],Cell Voltage [147],393,1,0,0,0,0,0,0,0,1.0,0.0,0,1,30000,0,,5000.0,0.0,mV,0
电芯电压[148],Cell Voltage [148],394,1,0,0,0,0,0,0,0,1.0,0.0,0,1,30000,0,,5000.0,0.0,mV,0
电芯电压[149],Cell Voltage [149],395,1,0,0,0,0,0,0,0,1.0,0.0,0,1,30000,0,,5000.0,0.0,mV,0
电芯电压[150],Cell Voltage [150],396,1,0,0,0,0,0,0,0,1.0,0.0,0,1,30000,0,,5000.0,0.0,mV,0
电芯电压[151],Cell Voltage [151],397,1,0,0,0,0,0,0,0,1.0,0.0,0,1,30000,0,,5000.0,0.0,mV,0
电芯电压[152],Cell Voltage [152],398,1,0,0,0,0,0,0,0,1.0,0.0,0,1,30000,0,,5000.0,0.0,mV,0
电芯电压[153],Cell Voltage [153],399,1,0,0,0,0,0,0,0,1.0,0.0,0,1,30000,0,,5000.0,0.0,mV,0
电芯电压[154],Cell Voltage [154],400,1,0,0,0,0,0,0,0,1.0,0.0,0,1,30000,0,,5000.0,0.0,mV,0
电芯电压[155],Cell Voltage [155],401,1,0,0,0,0,0,0,0,1.0,0.0,0,1,30000,0,,5000.0,0.0,mV,0
电芯电压[156],Cell Voltage [156],402,1,0,0,0,0,0,0,0,1.0,0.0,0,1,30000,0,,5000.0,0.0,mV,0
电芯电压[157],Cell Voltage [157],403,1,0,0,0,0,0,0,0,1.0,0.0,0,1,30000,0,,5000.0,0.0,mV,0
电芯电压[158],Cell Voltage [158],404,1,0,0,0,0,0,0,0,1.0,0.0,0,1,30000,0,,5000.0,0.0,mV,0
电芯电压[159],Cell Voltage [159],405,1,0,0,0,0,0,0,0,1.0,0.0,0,1,30000,0,,5000.0,0.0,mV,0
电芯电压[160],Cell Voltage [160],406,1,0,0,0,0,0,0,0,1.0,0.0,0,1,30000,0,,5000.0,0.0,mV,0
电芯电压[161],Cell Voltage [161],407,1,0,0,0,0,0,0,0,1.0,0.0,0,1,30000,0,,5000.0,0.0,mV,0
电芯电压[162],Cell Voltage [162],408,1,0,0,0,0,0,0,0,1.0,0.0,0,1,30000,0,,5000.0,0.0,mV,0
电芯电压[163],Cell Voltage [163],409,1,0,0,0,0,0,0,0,1.0,0.0,0,1,30000,0,,5000.0,0.0,mV,0
电芯电压[164],Cell Voltage [164],410,1,0,0,0,0,0,0,0,1.0,0.0,0,1,30000,0,,5000.0,0.0,mV,0
电芯电压[165],Cell Voltage [165],411,1,0,0,0,0,0,0,0,1.0,0.0,0,1,30000,0,,5000.0,0.0,mV,0
电芯电压[166],Cell Voltage [166],412,1,0,0,0,0,0,0,0,1.0,0.0,0,1,30000,0,,5000.0,0.0,mV,0
电芯电压[167],Cell Voltage [167],413,1,0,0,0,0,0,0,0,1.0,0.0,0,1,30000,0,,5000.0,0.0,mV,0
电芯电压[168],Cell Voltage [168],414,1,0,0,0,0,0,0,0,1.0,0.0,0,1,30000,0,,5000.0,0.0,mV,0
电芯电压[169],Cell Voltage [169],415,1,0,0,0,0,0,0,0,1.0,0.0,0,1,30000,0,,5000.0,0.0,mV,0
电芯电压[170],Cell Voltage [170],416,1,0,0,0,0,0,0,0,1.0,0.0,0,1,30000,0,,5000.0,0.0,mV,0
电芯电压[171],Cell Voltage [171],417,1,0,0,0,0,0,0,0,1.0,0.0,0,1,30000,0,,5000.0,0.0,mV,0
电芯电压[172],Cell Voltage [172],418,1,0,0,0,0,0,0,0,1.0,0.0,0,1,30000,0,,5000.0,0.0,mV,0
电芯电压[173],Cell Voltage [173],419,1,0,0,0,0,0,0,0,1.0,0.0,0,1,30000,0,,5000.0,0.0,mV,0
电芯电压[174],Cell Voltage [174],420,1,0,0,0,0,0,0,0,1.0,0.0,0,1,30000,0,,5000.0,0.0,mV,0
电芯电压[175],Cell Voltage [175],421,1,0,0,0,0,0,0,0,1.0,0.0,0,1,30000,0,,5000.0,0.0,mV,0
电芯电压[176],Cell Voltage [176],422,1,0,0,0,0,0,0,0,1.0,0.0,0,1,30000,0,,5000.0,0.0,mV,0
电芯电压[177],Cell Voltage [177],423,1,0,0,0,0,0,0,0,1.0,0.0,0,1,30000,0,,5000.0,0.0,mV,0
电芯电压[178],Cell Voltage [178],424,1,0,0,0,0,0,0,0,1.0,0.0,0,1,30000,0,,5000.0,0.0,mV,0
电芯电压[179],Cell Voltage [179],425,1,0,0,0,0,0,0,0,1.0,0.0,0,1,30000,0,,5000.0,0.0,mV,0
电芯电压[180],Cell Voltage [180],426,1,0,0,0,0,0,0,0,1.0,0.0,0,1,30000,0,,5000.0,0.0,mV,0
电芯电压[181],Cell Voltage [181],427,1,0,0,0,0,0,0,0,1.0,0.0,0,1,30000,0,,5000.0,0.0,mV,0
电芯电压[182],Cell Voltage [182],428,1,0,0,0,0,0,0,0,1.0,0.0,0,1,30000,0,,5000.0,0.0,mV,0
电芯电压[183],Cell Voltage [183],429,1,0,0,0,0,0,0,0,1.0,0.0,0,1,30000,0,,5000.0,0.0,mV,0
电芯电压[184],Cell Voltage [184],430,1,0,0,0,0,0,0,0,1.0,0.0,0,1,30000,0,,5000.0,0.0,mV,0
电芯电压[185],Cell Voltage [185],431,1,0,0,0,0,0,0,0,1.0,0.0,0,1,30000,0,,5000.0,0.0,mV,0
电芯电压[186],Cell Voltage [186],432,1,0,0,0,0,0,0,0,1.0,0.0,0,1,30000,0,,5000.0,0.0,mV,0
电芯电压[187],Cell Voltage [187],433,1,0,0,0,0,0,0,0,1.0,0.0,0,1,30000,0,,5000.0,0.0,mV,0
电芯电压[188],Cell Voltage [188],434,1,0,0,0,0,0,0,0,1.0,0.0,0,1,30000,0,,5000.0,0.0,mV,0
电芯电压[189],Cell Voltage [189],435,1,0,0,0,0,0,0,0,1.0,0.0,0,1,30000,0,,5000.0,0.0,mV,0
电芯电压[190],Cell Voltage [190],436,1,0,0,0,0,0,0,0,1.0,0.0,0,1,30000,0,,5000.0,0.0,mV,0
电芯电压[191],Cell Voltage [191],437,1,0,0,0,0,0,0,0,1.0,0.0,0,1,30000,0,,5000.0,0.0,mV,0
电芯电压[192],Cell Voltage [192],438,1,0,0,0,0,0,0,0,1.0,0.0,0,1,30000,0,,5000.0,0.0,mV,0
电芯电压[193],Cell Voltage [193],439,1,0,0,0,0,0,0,0,1.0,0.0,0,1,30000,0,,5000.0,0.0,mV,0
电芯电压[194],Cell Voltage [194],440,1,0,0,0,0,0,0,0,1.0,0.0,0,1,30000,0,,5000.0,0.0,mV,0
电芯电压[195],Cell Voltage [195],441,1,0,0,0,0,0,0,0,1.0,0.0,0,1,30000,0,,5000.0,0.0,mV,0
电芯电压[196],Cell Voltage [196],442,1,0,0,0,0,0,0,0,1.0,0.0,0,1,30000,0,,5000.0,0.0,mV,0
电芯电压[197],Cell Voltage [197],443,1,0,0,0,0,0,0,0,1.0,0.0,0,1,30000,0,,5000.0,0.0,mV,0
电芯电压[198],Cell Voltage [198],444,1,0,0,0,0,0,0,0,1.0,0.0,0,1,30000,0,,5000.0,0.0,mV,0
电芯电压[199],Cell Voltage [199],445,1,0,0,0,0,0,0,0,1.0,0.0,0,1,30000,0,,5000.0,0.0,mV,0
电芯电压[200],Cell Voltage [200],446,1,0,0,0,0,0,0,0,1.0,0.0,0,1,30000,0,,5000.0,0.0,mV,0
电芯电压[201],Cell Voltage [201],447,1,0,0,0,0,0,0,0,1.0,0.0,0,1,30000,0,,5000.0,0.0,mV,0
电芯电压[202],Cell Voltage [202],448,1,0,0,0,0,0,0,0,1.0,0.0,0,1,30000,0,,5000.0,0.0,mV,0
电芯电压[203],Cell Voltage [203],449,1,0,0,0,0,0,0,0,1.0,0.0,0,1,30000,0,,5000.0,0.0,mV,0
电芯电压[204],Cell Voltage [204],450,1,0,0,0,0,0,0,0,1.0,0.0,0,1,30000,0,,5000.0,0.0,mV,0
电芯电压[205],Cell Voltage [205],451,1,0,0,0,0,0,0,0,1.0,0.0,0,1,30000,0,,5000.0,0.0,mV,0
电芯电压[206],Cell Voltage [206],452,1,0,0,0,0,0,0,0,1.0,0.0,0,1,30000,0,,5000.0,0.0,mV,0
电芯电压[207],Cell Voltage [207],453,1,0,0,0,0,0,0,0,1.0,0.0,0,1,30000,0,,5000.0,0.0,mV,0
电芯电压[208],Cell Voltage [208],454,1,0,0,0,0,0,0,0,1.0,0.0,0,1,30000,0,,5000.0,0.0,mV,0
电芯电压[209],Cell Voltage [209],455,1,0,0,0,0,0,0,0,1.0,0.0,0,1,30000,0,,5000.0,0.0,mV,0
电芯电压[210],Cell Voltage [210],456,1,0,0,0,0,0,0,0,1.0,0.0,0,1,30000,0,,5000.0,0.0,mV,0
电芯电压[211],Cell Voltage [211],457,1,0,0,0,0,0,0,0,1.0,0.0,0,1,30000,0,,5000.0,0.0,mV,0
电芯电压[212],Cell Voltage [212],458,1,0,0,0,0,0,0,0,1.0,0.0,0,1,30000,0,,5000.0,0.0,mV,0
电芯电压[213],Cell Voltage [213],459,1,0,0,0,0,0,0,0,1.0,0.0,0,1,30000,0,,5000.0,0.0,mV,0
电芯电压[214],Cell Voltage [214],460,1,0,0,0,0,0,0,0,1.0,0.0,0,1,30000,0,,5000.0,0.0,mV,0
电芯电压[215],Cell Voltage [215],461,1,0,0,0,0,0,0,0,1.0,0.0,0,1,30000,0,,5000.0,0.0,mV,0
电芯电压[216],Cell Voltage [216],462,1,0,0,0,0,0,0,0,1.0,0.0,0,1,30000,0,,5000.0,0.0,mV,0
电芯电压[217],Cell Voltage [217],463,1,0,0,0,0,0,0,0,1.0,0.0,0,1,30000,0,,5000.0,0.0,mV,0
电芯电压[218],Cell Voltage [218],464,1,0,0,0,0,0,0,0,1.0,0.0,0,1,30000,0,,5000.0,0.0,mV,0
电芯电压[219],Cell Voltage [219],465,1,0,0,0,0,0,0,0,1.0,0.0,0,1,30000,0,,5000.0,0.0,mV,0
电芯电压[220],Cell Voltage [220],466,1,0,0,0,0,0,0,0,1.0,0.0,0,1,30000,0,,5000.0,0.0,mV,0
电芯电压[221],Cell Voltage [221],467,1,0,0,0,0,0,0,0,1.0,0.0,0,1,30000,0,,5000.0,0.0,mV,0
电芯电压[222],Cell Voltage [222],468,1,0,0,0,0,0,0,0,1.0,0.0,0,1,30000,0,,5000.0,0.0,mV,0
电芯电压[223],Cell Voltage [223],469,1,0,0,0,0,0,0,0,1.0,0.0,0,1,30000,0,,5000.0,0.0,mV,0
电芯电压[224],Cell Voltage [224],470,1,0,0,0,0,0,0,0,1.0,0.0,0,1,30000,0,,5000.0,0.0,mV,0
电芯电压[225],Cell Voltage [225],471,1,0,0,0,0,0,0,0,1.0,0.0,0,1,30000,0,,5000.0,0.0,mV,0
电芯电压[226],Cell Voltage [226],472,1,0,0,0,0,0,0,0,1.0,0.0,0,1,30000,0,,5000.0,0.0,mV,0
电芯电压[227],Cell Voltage [227],473,1,0,0,0,0,0,0,0,1.0,0.0,0,1,30000,0,,5000.0,0.0,mV,0
电芯电压[228],Cell Voltage [228],474,1,0,0,0,0,0,0,0,1.0,0.0,0,1,30000,0,,5000.0,0.0,mV,0
电芯电压[229],Cell Voltage [229],475,1,0,0,0,0,0,0,0,1.0,0.0,0,1,30000,0,,5000.0,0.0,mV,0
电芯电压[230],Cell Voltage [230],476,1,0,0,0,0,0,0,0,1.0,0.0,0,1,30000,0,,5000.0,0.0,mV,0
电芯电压[231],Cell Voltage [231],477,1,0,0,0,0,0,0,0,1.0,0.0,0,1,30000,0,,5000.0,0.0,mV,0
电芯电压[232],Cell Voltage [232],478,1,0,0,0,0,0,0,0,1.0,0.0,0,1,30000,0,,5000.0,0.0,mV,0
电芯电压[233],Cell Voltage [233],479,1,0,0,0,0,0,0,0,1.0,0.0,0,1,30000,0,,5000.0,0.0,mV,0
电芯电压[234],Cell Voltage [234],480,1,0,0,0,0,0,0,0,1.0,0.0,0,1,30000,0,,5000.0,0.0,mV,0
电芯电压[235],Cell Voltage [235],481,1,0,0,0,0,0,0,0,1.0,0.0,0,1,30000,0,,5000.0,0.0,mV,0
电芯电压[236],Cell Voltage [236],482,1,0,0,0,0,0,0,0,1.0,0.0,0,1,30000,0,,5000.0,0.0,mV,0
电芯电压[237],Cell Voltage [237],483,1,0,0,0,0,0,0,0,1.0,0.0,0,1,30000,0,,5000.0,0.0,mV,0
电芯电压[238],Cell Voltage [238],484,1,0,0,0,0,0,0,0,1.0,0.0,0,1,30000,0,,5000.0,0.0,mV,0
电芯电压[239],Cell Voltage [239],485,1,0,0,0,0,0,0,0,1.0,0.0,0,1,30000,0,,5000.0,0.0,mV,0
电芯电压[240],Cell Voltage [240],486,1,0,0,0,0,0,0,0,1.0,0.0,0,1,30000,0,,5000.0,0.0,mV,0
电芯电压[241],Cell Voltage [241],487,1,0,0,0,0,0,0,0,1.0,0.0,0,1,30000,0,,5000.0,0.0,mV,0
电芯电压[242],Cell Voltage [242],488,1,0,0,0,0,0,0,0,1.0,0.0,0,1,30000,0,,5000.0,0.0,mV,0
电芯电压[243],Cell Voltage [243],489,1,0,0,0,0,0,0,0,1.0,0.0,0,1,30000,0,,5000.0,0.0,mV,0
电芯电压[244],Cell Voltage [244],490,1,0,0,0,0,0,0,0,1.0,0.0,0,1,30000,0,,5000.0,0.0,mV,0
电芯电压[245],Cell Voltage [245],491,1,0,0,0,0,0,0,0,1.0,0.0,0,1,30000,0,,5000.0,0.0,mV,0
电芯电压[246],Cell Voltage [246],492,1,0,0,0,0,0,0,0,1.0,0.0,0,1,30000,0,,5000.0,0.0,mV,0
电芯电压[247],Cell Voltage [247],493,1,0,0,0,0,0,0,0,1.0,0.0,0,1,30000,0,,5000.0,0.0,mV,0
电芯电压[248],Cell Voltage [248],494,1,0,0,0,0,0,0,0,1.0,0.0,0,1,30000,0,,5000.0,0.0,mV,0
电芯电压[249],Cell Voltage [249],495,1,0,0,0,0,0,0,0,1.0,0.0,0,1,30000,0,,5000.0,0.0,mV,0
电芯电压[250],Cell Voltage [250],496,1,0,0,0,0,0,0,0,1.0,0.0,0,1,30000,0,,5000.0,0.0,mV,0
电芯电压[251],Cell Voltage [251],497,1,0,0,0,0,0,0,0,1.0,0.0,0,1,30000,0,,5000.0,0.0,mV,0
电芯电压[252],Cell Voltage [252],498,1,0,0,0,0,0,0,0,1.0,0.0,0,1,30000,0,,5000.0,0.0,mV,0
电芯电压[253],Cell Voltage [253],499,1,0,0,0,0,0,0,0,1.0,0.0,0,1,30000,0,,5000.0,0.0,mV,0
电芯电压[254],Cell Voltage [254],500,1,0,0,0,0,0,0,0,1.0,0.0,0,1,30000,0,,5000.0,0.0,mV,0
电芯电压[255],Cell Voltage [255],501,1,0,0,0,0,0,0,0,1.0,0.0,0,1,30000,0,,5000.0,0.0,mV,0
电芯电压[256],Cell Voltage [256],502,1,0,0,0,0,0,0,0,1.0,0.0,0,1,30000,0,,5000.0,0.0,mV,0
电芯电压[257],Cell Voltage [257],503,1,0,0,0,0,0,0,0,1.0,0.0,0,1,30000,0,,5000.0,0.0,mV,0
电芯电压[258],Cell Voltage [258],504,1,0,0,0,0,0,0,0,1.0,0.0,0,1,30000,0,,5000.0,0.0,mV,0
电芯电压[259],Cell Voltage [259],505,1,0,0,0,0,0,0,0,1.0,0.0,0,1,30000,0,,5000.0,0.0,mV,0
电芯电压[260],Cell Voltage [260],506,1,0,0,0,0,0,0,0,1.0,0.0,0,1,30000,0,,5000.0,0.0,mV,0
电芯电压[261],Cell Voltage [261],507,1,0,0,0,0,0,0,0,1.0,0.0,0,1,30000,0,,5000.0,0.0,mV,0
电芯电压[262],Cell Voltage [262],508,1,0,0,0,0,0,0,0,1.0,0.0,0,1,30000,0,,5000.0,0.0,mV,0
电芯电压[263],Cell Voltage [263],509,1,0,0,0,0,0,0,0,1.0,0.0,0,1,30000,0,,5000.0,0.0,mV,0
电芯电压[264],Cell Voltage [264],510,1,0,0,0,0,0,0,0,1.0,0.0,0,1,30000,0,,5000.0,0.0,mV,0
电芯电压[265],Cell Voltage [265],511,1,0,0,0,0,0,0,0,1.0,0.0,0,1,30000,0,,5000.0,0.0,mV,0
电芯电压[266],Cell Voltage [266],512,1,0,0,0,0,0,0,0,1.0,0.0,0,1,30000,0,,5000.0,0.0,mV,0
电芯电压[267],Cell Voltage [267],513,1,0,0,0,0,0,0,0,1.0,0.0,0,1,30000,0,,5000.0,0.0,mV,0
电芯电压[268],Cell Voltage [268],514,1,0,0,0,0,0,0,0,1.0,0.0,0,1,30000,0,,5000.0,0.0,mV,0
电芯电压[269],Cell Voltage [269],515,1,0,0,0,0,0,0,0,1.0,0.0,0,1,30000,0,,5000.0,0.0,mV,0
电芯电压[270],Cell Voltage [270],516,1,0,0,0,0,0,0,0,1.0,0.0,0,1,30000,0,,5000.0,0.0,mV,0
电芯电压[271],Cell Voltage [271],517,1,0,0,0,0,0,0,0,1.0,0.0,0,1,30000,0,,5000.0,0.0,mV,0
电芯电压[272],Cell Voltage [272],518,1,0,0,0,0,0,0,0,1.0,0.0,0,1,30000,0,,5000.0,0.0,mV,0
电芯电压[273],Cell Voltage [273],519,1,0,0,0,0,0,0,0,1.0,0.0,0,1,30000,0,,5000.0,0.0,mV,0
电芯电压[274],Cell Voltage [274],520,1,0,0,0,0,0,0,0,1.0,0.0,0,1,30000,0,,5000.0,0.0,mV,0
电芯电压[275],Cell Voltage [275],521,1,0,0,0,0,0,0,0,1.0,0.0,0,1,30000,0,,5000.0,0.0,mV,0
电芯电压[276],Cell Voltage [276],522,1,0,0,0,0,0,0,0,1.0,0.0,0,1,30000,0,,5000.0,0.0,mV,0
电芯电压[277],Cell Voltage [277],523,1,0,0,0,0,0,0,0,1.0,0.0,0,1,30000,0,,5000.0,0.0,mV,0
电芯电压[278],Cell Voltage [278],524,1,0,0,0,0,0,0,0,1.0,0.0,0,1,30000,0,,5000.0,0.0,mV,0
电芯电压[279],Cell Voltage [279],525,1,0,0,0,0,0,0,0,1.0,0.0,0,1,30000,0,,5000.0,0.0,mV,0
电芯电压[280],Cell Voltage [280],526,1,0,0,0,0,0,0,0,1.0,0.0,0,1,30000,0,,5000.0,0.0,mV,0
电芯电压[281],Cell Voltage [281],527,1,0,0,0,0,0,0,0,1.0,0.0,0,1,30000,0,,5000.0,0.0,mV,0
电芯电压[282],Cell Voltage [282],528,1,0,0,0,0,0,0,0,1.0,0.0,0,1,30000,0,,5000.0,0.0,mV,0
电芯电压[283],Cell Voltage [283],529,1,0,0,0,0,0,0,0,1.0,0.0,0,1,30000,0,,5000.0,0.0,mV,0
电芯电压[284],Cell Voltage [284],530,1,0,0,0,0,0,0,0,1.0,0.0,0,1,30000,0,,5000.0,0.0,mV,0
电芯电压[285],Cell Voltage [285],531,1,0,0,0,0,0,0,0,1.0,0.0,0,1,30000,0,,5000.0,0.0,mV,0
电芯电压[286],Cell Voltage [286],532,1,0,0,0,0,0,0,0,1.0,0.0,0,1,30000,0,,5000.0,0.0,mV,0
电芯电压[287],Cell Voltage [287],533,1,0,0,0,0,0,0,0,1.0,0.0,0,1,30000,0,,5000.0,0.0,mV,0
电芯电压[288],Cell Voltage [288],534,1,0,0,0,0,0,0,0,1.0,0.0,0,1,30000,0,,5000.0,0.0,mV,0
电芯电压[289],Cell Voltage [289],535,1,0,0,0,0,0,0,0,1.0,0.0,0,1,30000,0,,5000.0,0.0,mV,0
电芯电压[290],Cell Voltage [290],536,1,0,0,0,0,0,0,0,1.0,0.0,0,1,30000,0,,5000.0,0.0,mV,0
电芯电压[291],Cell Voltage [291],537,1,0,0,0,0,0,0,0,1.0,0.0,0,1,30000,0,,5000.0,0.0,mV,0
电芯电压[292],Cell Voltage [292],538,1,0,0,0,0,0,0,0,1.0,0.0,0,1,30000,0,,5000.0,0.0,mV,0
电芯电压[293],Cell Voltage [293],539,1,0,0,0,0,0,0,0,1.0,0.0,0,1,30000,0,,5000.0,0.0,mV,0
电芯电压[294],Cell Voltage [294],540,1,0,0,0,0,0,0,0,1.0,0.0,0,1,30000,0,,5000.0,0.0,mV,0
电芯电压[295],Cell Voltage [295],541,1,0,0,0,0,0,0,0,1.0,0.0,0,1,30000,0,,5000.0,0.0,mV,0
电芯电压[296],Cell Voltage [296],542,1,0,0,0,0,0,0,0,1.0,0.0,0,1,30000,0,,5000.0,0.0,mV,0
电芯电压[297],Cell Voltage [297],543,1,0,0,0,0,0,0,0,1.0,0.0,0,1,30000,0,,5000.0,0.0,mV,0
电芯电压[298],Cell Voltage [298],544,1,0,0,0,0,0,0,0,1.0,0.0,0,1,30000,0,,5000.0,0.0,mV,0
电芯电压[299],Cell Voltage [299],545,1,0,0,0,0,0,0,0,1.0,0.0,0,1,30000,0,,5000.0,0.0,mV,0
电芯电压[300],Cell Voltage [300],546,1,0,0,0,0,0,0,0,1.0,0.0,0,1,30000,0,,5000.0,0.0,mV,0
电芯电压[301],Cell Voltage [301],547,1,0,0,0,0,0,0,0,1.0,0.0,0,1,30000,0,,5000.0,0.0,mV,0
电芯电压[302],Cell Voltage [302],548,1,0,0,0,0,0,0,0,1.0,0.0,0,1,30000,0,,5000.0,0.0,mV,0
电芯电压[303],Cell Voltage [303],549,1,0,0,0,0,0,0,0,1.0,0.0,0,1,30000,0,,5000.0,0.0,mV,0
电芯电压[304],Cell Voltage [304],550,1,0,0,0,0,0,0,0,1.0,0.0,0,1,30000,0,,5000.0,0.0,mV,0
电芯电压[305],Cell Voltage [305],551,1,0,0,0,0,0,0,0,1.0,0.0,0,1,30000,0,,5000.0,0.0,mV,0
电芯电压[306],Cell Voltage [306],552,1,0,0,0,0,0,0,0,1.0,0.0,0,1,30000,0,,5000.0,0.0,mV,0
电芯电压[307],Cell Voltage [307],553,1,0,0,0,0,0,0,0,1.0,0.0,0,1,30000,0,,5000.0,0.0,mV,0
电芯电压[308],Cell Voltage [308],554,1,0,0,0,0,0,0,0,1.0,0.0,0,1,30000,0,,5000.0,0.0,mV,0
电芯电压[309],Cell Voltage [309],555,1,0,0,0,0,0,0,0,1.0,0.0,0,1,30000,0,,5000.0,0.0,mV,0
电芯电压[310],Cell Voltage [310],556,1,0,0,0,0,0,0,0,1.0,0.0,0,1,30000,0,,5000.0,0.0,mV,0
电芯电压[311],Cell Voltage [311],557,1,0,0,0,0,0,0,0,1.0,0.0,0,1,30000,0,,5000.0,0.0,mV,0
电芯电压[312],Cell Voltage [312],558,1,0,0,0,0,0,0,0,1.0,0.0,0,1,30000,0,,5000.0,0.0,mV,0
电芯电压[313],Cell Voltage [313],559,1,0,0,0,0,0,0,0,1.0,0.0,0,1,30000,0,,5000.0,0.0,mV,0
电芯电压[314],Cell Voltage [314],560,1,0,0,0,0,0,0,0,1.0,0.0,0,1,30000,0,,5000.0,0.0,mV,0
电芯电压[315],Cell Voltage [315],561,1,0,0,0,0,0,0,0,1.0,0.0,0,1,30000,0,,5000.0,0.0,mV,0
电芯电压[316],Cell Voltage [316],562,1,0,0,0,0,0,0,0,1.0,0.0,0,1,30000,0,,5000.0,0.0,mV,0
电芯电压[317],Cell Voltage [317],563,1,0,0,0,0,0,0,0,1.0,0.0,0,1,30000,0,,5000.0,0.0,mV,0
电芯电压[318],Cell Voltage [318],564,1,0,0,0,0,0,0,0,1.0,0.0,0,1,30000,0,,5000.0,0.0,mV,0
电芯电压[319],Cell Voltage [319],565,1,0,0,0,0,0,0,0,1.0,0.0,0,1,30000,0,,5000.0,0.0,mV,0
电芯电压[320],Cell Voltage [320],566,1,0,0,0,0,0,0,0,1.0,0.0,0,1,30000,0,,5000.0,0.0,mV,0
电芯电压[321],Cell Voltage [321],567,1,0,0,0,0,0,0,0,1.0,0.0,0,1,30000,0,,5000.0,0.0,mV,0
电芯电压[322],Cell Voltage [322],568,1,0,0,0,0,0,0,0,1.0,0.0,0,1,30000,0,,5000.0,0.0,mV,0
电芯电压[323],Cell Voltage [323],569,1,0,0,0,0,0,0,0,1.0,0.0,0,1,30000,0,,5000.0,0.0,mV,0
电芯电压[324],Cell Voltage [324],570,1,0,0,0,0,0,0,0,1.0,0.0,0,1,30000,0,,5000.0,0.0,mV,0
电芯电压[325],Cell Voltage [325],571,1,0,0,0,0,0,0,0,1.0,0.0,0,1,30000,0,,5000.0,0.0,mV,0
电芯电压[326],Cell Voltage [326],572,1,0,0,0,0,0,0,0,1.0,0.0,0,1,30000,0,,5000.0,0.0,mV,0
电芯电压[327],Cell Voltage [327],573,1,0,0,0,0,0,0,0,1.0,0.0,0,1,30000,0,,5000.0,0.0,mV,0
电芯电压[328],Cell Voltage [328],574,1,0,0,0,0,0,0,0,1.0,0.0,0,1,30000,0,,5000.0,0.0,mV,0
电芯电压[329],Cell Voltage [329],575,1,0,0,0,0,0,0,0,1.0,0.0,0,1,30000,0,,5000.0,0.0,mV,0
电芯电压[330],Cell Voltage [330],576,1,0,0,0,0,0,0,0,1.0,0.0,0,1,30000,0,,5000.0,0.0,mV,0
电芯电压[331],Cell Voltage [331],577,1,0,0,0,0,0,0,0,1.0,0.0,0,1,30000,0,,5000.0,0.0,mV,0
电芯电压[332],Cell Voltage [332],578,1,0,0,0,0,0,0,0,1.0,0.0,0,1,30000,0,,5000.0,0.0,mV,0
电芯电压[333],Cell Voltage [333],579,1,0,0,0,0,0,0,0,1.0,0.0,0,1,30000,0,,5000.0,0.0,mV,0
电芯电压[334],Cell Voltage [334],580,1,0,0,0,0,0,0,0,1.0,0.0,0,1,30000,0,,5000.0,0.0,mV,0
电芯电压[335],Cell Voltage [335],581,1,0,0,0,0,0,0,0,1.0,0.0,0,1,30000,0,,5000.0,0.0,mV,0
电芯电压[336],Cell Voltage [336],582,1,0,0,0,0,0,0,0,1.0,0.0,0,1,30000,0,,5000.0,0.0,mV,0
电芯电压[337],Cell Voltage [337],583,1,0,0,0,0,0,0,0,1.0,0.0,0,1,30000,0,,5000.0,0.0,mV,0
电芯电压[338],Cell Voltage [338],584,1,0,0,0,0,0,0,0,1.0,0.0,0,1,30000,0,,5000.0,0.0,mV,0
电芯电压[339],Cell Voltage [339],585,1,0,0,0,0,0,0,0,1.0,0.0,0,1,30000,0,,5000.0,0.0,mV,0
电芯电压[340],Cell Voltage [340],586,1,0,0,0,0,0,0,0,1.0,0.0,0,1,30000,0,,5000.0,0.0,mV,0
电芯电压[341],Cell Voltage [341],587,1,0,0,0,0,0,0,0,1.0,0.0,0,1,30000,0,,5000.0,0.0,mV,0
电芯电压[342],Cell Voltage [342],588,1,0,0,0,0,0,0,0,1.0,0.0,0,1,30000,0,,5000.0,0.0,mV,0
电芯电压[343],Cell Voltage [343],589,1,0,0,0,0,0,0,0,1.0,0.0,0,1,30000,0,,5000.0,0.0,mV,0
电芯电压[344],Cell Voltage [344],590,1,0,0,0,0,0,0,0,1.0,0.0,0,1,30000,0,,5000.0,0.0,mV,0
电芯电压[345],Cell Voltage [345],591,1,0,0,0,0,0,0,0,1.0,0.0,0,1,30000,0,,5000.0,0.0,mV,0
电芯电压[346],Cell Voltage [346],592,1,0,0,0,0,0,0,0,1.0,0.0,0,1,30000,0,,5000.0,0.0,mV,0
电芯电压[347],Cell Voltage [347],593,1,0,0,0,0,0,0,0,1.0,0.0,0,1,30000,0,,5000.0,0.0,mV,0
电芯电压[348],Cell Voltage [348],594,1,0,0,0,0,0,0,0,1.0,0.0,0,1,30000,0,,5000.0,0.0,mV,0
电芯电压[349],Cell Voltage [349],595,1,0,0,0,0,0,0,0,1.0,0.0,0,1,30000,0,,5000.0,0.0,mV,0
电芯电压[350],Cell Voltage [350],596,1,0,0,0,0,0,0,0,1.0,0.0,0,1,30000,0,,5000.0,0.0,mV,0
电芯电压[351],Cell Voltage [351],597,1,0,0,0,0,0,0,0,1.0,0.0,0,1,30000,0,,5000.0,0.0,mV,0
电芯电压[352],Cell Voltage [352],598,1,0,0,0,0,0,0,0,1.0,0.0,0,1,30000,0,,5000.0,0.0,mV,0
电芯电压[353],Cell Voltage [353],599,1,0,0,0,0,0,0,0,1.0,0.0,0,1,30000,0,,5000.0,0.0,mV,0
电芯电压[354],Cell Voltage [354],600,1,0,0,0,0,0,0,0,1.0,0.0,0,1,30000,0,,5000.0,0.0,mV,0
电芯电压[355],Cell Voltage [355],601,1,0,0,0,0,0,0,0,1.0,0.0,0,1,30000,0,,5000.0,0.0,mV,0
电芯电压[356],Cell Voltage [356],602,1,0,0,0,0,0,0,0,1.0,0.0,0,1,30000,0,,5000.0,0.0,mV,0
电芯电压[357],Cell Voltage [357],603,1,0,0,0,0,0,0,0,1.0,0.0,0,1,30000,0,,5000.0,0.0,mV,0
电芯电压[358],Cell Voltage [358],604,1,0,0,0,0,0,0,0,1.0,0.0,0,1,30000,0,,5000.0,0.0,mV,0
电芯电压[359],Cell Voltage [359],605,1,0,0,0,0,0,0,0,1.0,0.0,0,1,30000,0,,5000.0,0.0,mV,0
电芯电压[360],Cell Voltage [360],606,1,0,0,0,0,0,0,0,1.0,0.0,0,1,30000,0,,5000.0,0.0,mV,0
电芯电压[361],Cell Voltage [361],607,1,0,0,0,0,0,0,0,1.0,0.0,0,1,30000,0,,5000.0,0.0,mV,0
电芯电压[362],Cell Voltage [362],608,1,0,0,0,0,0,0,0,1.0,0.0,0,1,30000,0,,5000.0,0.0,mV,0
电芯电压[363],Cell Voltage [363],609,1,0,0,0,0,0,0,0,1.0,0.0,0,1,30000,0,,5000.0,0.0,mV,0
电芯电压[364],Cell Voltage [364],610,1,0,0,0,0,0,0,0,1.0,0.0,0,1,30000,0,,5000.0,0.0,mV,0
电芯电压[365],Cell Voltage [365],611,1,0,0,0,0,0,0,0,1.0,0.0,0,1,30000,0,,5000.0,0.0,mV,0
电芯电压[366],Cell Voltage [366],612,1,0,0,0,0,0,0,0,1.0,0.0,0,1,30000,0,,5000.0,0.0,mV,0
电芯电压[367],Cell Voltage [367],613,1,0,0,0,0,0,0,0,1.0,0.0,0,1,30000,0,,5000.0,0.0,mV,0
电芯电压[368],Cell Voltage [368],614,1,0,0,0,0,0,0,0,1.0,0.0,0,1,30000,0,,5000.0,0.0,mV,0
电芯电压[369],Cell Voltage [369],615,1,0,0,0,0,0,0,0,1.0,0.0,0,1,30000,0,,5000.0,0.0,mV,0
电芯电压[370],Cell Voltage [370],616,1,0,0,0,0,0,0,0,1.0,0.0,0,1,30000,0,,5000.0,0.0,mV,0
电芯电压[371],Cell Voltage [371],617,1,0,0,0,0,0,0,0,1.0,0.0,0,1,30000,0,,5000.0,0.0,mV,0
电芯电压[372],Cell Voltage [372],618,1,0,0,0,0,0,0,0,1.0,0.0,0,1,30000,0,,5000.0,0.0,mV,0
电芯电压[373],Cell Voltage [373],619,1,0,0,0,0,0,0,0,1.0,0.0,0,1,30000,0,,5000.0,0.0,mV,0
电芯电压[374],Cell Voltage [374],620,1,0,0,0,0,0,0,0,1.0,0.0,0,1,30000,0,,5000.0,0.0,mV,0
电芯电压[375],Cell Voltage [375],621,1,0,0,0,0,0,0,0,1.0,0.0,0,1,30000,0,,5000.0,0.0,mV,0
电芯电压[376],Cell Voltage [376],622,1,0,0,0,0,0,0,0,1.0,0.0,0,1,30000,0,,5000.0,0.0,mV,0
电芯电压[377],Cell Voltage [377],623,1,0,0,0,0,0,0,0,1.0,0.0,0,1,30000,0,,5000.0,0.0,mV,0
电芯电压[378],Cell Voltage [378],624,1,0,0,0,0,0,0,0,1.0,0.0,0,1,30000,0,,5000.0,0.0,mV,0
电芯电压[379],Cell Voltage [379],625,1,0,0,0,0,0,0,0,1.0,0.0,0,1,30000,0,,5000.0,0.0,mV,0
电芯电压[380],Cell Voltage [380],626,1,0,0,0,0,0,0,0,1.0,0.0,0,1,30000,0,,5000.0,0.0,mV,0
电芯电压[381],Cell Voltage [381],627,1,0,0,0,0,0,0,0,1.0,0.0,0,1,30000,0,,5000.0,0.0,mV,0
电芯电压[382],Cell Voltage [382],628,1,0,0,0,0,0,0,0,1.0,0.0,0,1,30000,0,,5000.0,0.0,mV,0
电芯电压[383],Cell Voltage [383],629,1,0,0,0,0,0,0,0,1.0,0.0,0,1,30000,0,,5000.0,0.0,mV,0
电芯电压[384],Cell Voltage [384],630,1,0,0,0,0,0,0,0,1.0,0.0,0,1,30000,0,,5000.0,0.0,mV,0
电芯电压[385],Cell Voltage [385],631,1,0,0,0,0,0,0,0,1.0,0.0,0,1,30000,0,,5000.0,0.0,mV,0
电芯电压[386],Cell Voltage [386],632,1,0,0,0,0,0,0,0,1.0,0.0,0,1,30000,0,,5000.0,0.0,mV,0
电芯电压[387],Cell Voltage [387],633,1,0,0,0,0,0,0,0,1.0,0.0,0,1,30000,0,,5000.0,0.0,mV,0
电芯电压[388],Cell Voltage [388],634,1,0,0,0,0,0,0,0,1.0,0.0,0,1,30000,0,,5000.0,0.0,mV,0
电芯电压[389],Cell Voltage [389],635,1,0,0,0,0,0,0,0,1.0,0.0,0,1,30000,0,,5000.0,0.0,mV,0
电芯电压[390],Cell Voltage [390],636,1,0,0,0,0,0,0,0,1.0,0.0,0,1,30000,0,,5000.0,0.0,mV,0
电芯电压[391],Cell Voltage [391],637,1,0,0,0,0,0,0,0,1.0,0.0,0,1,30000,0,,5000.0,0.0,mV,0
电芯电压[392],Cell Voltage [392],638,1,0,0,0,0,0,0,0,1.0,0.0,0,1,30000,0,,5000.0,0.0,mV,0
电芯电压[393],Cell Voltage [393],639,1,0,0,0,0,0,0,0,1.0,0.0,0,1,30000,0,,5000.0,0.0,mV,0
电芯电压[394],Cell Voltage [394],640,1,0,0,0,0,0,0,0,1.0,0.0,0,1,30000,0,,5000.0,0.0,mV,0
电芯电压[395],Cell Voltage [395],641,1,0,0,0,0,0,0,0,1.0,0.0,0,1,30000,0,,5000.0,0.0,mV,0
电芯电压[396],Cell Voltage [396],642,1,0,0,0,0,0,0,0,1.0,0.0,0,1,30000,0,,5000.0,0.0,mV,0
电芯电压[397],Cell Voltage [397],643,1,0,0,0,0,0,0,0,1.0,0.0,0,1,30000,0,,5000.0,0.0,mV,0
电芯电压[398],Cell Voltage [398],644,1,0,0,0,0,0,0,0,1.0,0.0,0,1,30000,0,,5000.0,0.0,mV,0
电芯电压[399],Cell Voltage [399],645,1,0,0,0,0,0,0,0,1.0,0.0,0,1,30000,0,,5000.0,0.0,mV,0
电芯电压[400],Cell Voltage [400],646,1,0,0,0,0,0,0,0,1.0,0.0,0,1,30000,0,,5000.0,0.0,mV,0
电芯电压[401],Cell Voltage [401],647,1,0,0,0,0,0,0,0,1.0,0.0,0,1,30000,0,,5000.0,0.0,mV,0
电芯电压[402],Cell Voltage [402],648,1,0,0,0,0,0,0,0,1.0,0.0,0,1,30000,0,,5000.0,0.0,mV,0
电芯电压[403],Cell Voltage [403],649,1,0,0,0,0,0,0,0,1.0,0.0,0,1,30000,0,,5000.0,0.0,mV,0
电芯电压[404],Cell Voltage [404],650,1,0,0,0,0,0,0,0,1.0,0.0,0,1,30000,0,,5000.0,0.0,mV,0
电芯电压[405],Cell Voltage [405],651,1,0,0,0,0,0,0,0,1.0,0.0,0,1,30000,0,,5000.0,0.0,mV,0
电芯电压[406],Cell Voltage [406],652,1,0,0,0,0,0,0,0,1.0,0.0,0,1,30000,0,,5000.0,0.0,mV,0
电芯电压[407],Cell Voltage [407],653,1,0,0,0,0,0,0,0,1.0,0.0,0,1,30000,0,,5000.0,0.0,mV,0
电芯电压[408],Cell Voltage [408],654,1,0,0,0,0,0,0,0,1.0,0.0,0,1,30000,0,,5000.0,0.0,mV,0
电芯电压[409],Cell Voltage [409],655,1,0,0,0,0,0,0,0,1.0,0.0,0,1,30000,0,,5000.0,0.0,mV,0
电芯电压[410],Cell Voltage [410],656,1,0,0,0,0,0,0,0,1.0,0.0,0,1,30000,0,,5000.0,0.0,mV,0
电芯电压[411],Cell Voltage [411],657,1,0,0,0,0,0,0,0,1.0,0.0,0,1,30000,0,,5000.0,0.0,mV,0
电芯电压[412],Cell Voltage [412],658,1,0,0,0,0,0,0,0,1.0,0.0,0,1,30000,0,,5000.0,0.0,mV,0
电芯电压[413],Cell Voltage [413],659,1,0,0,0,0,0,0,0,1.0,0.0,0,1,30000,0,,5000.0,0.0,mV,0
电芯电压[414],Cell Voltage [414],660,1,0,0,0,0,0,0,0,1.0,0.0,0,1,30000,0,,5000.0,0.0,mV,0
电芯电压[415],Cell Voltage [415],661,1,0,0,0,0,0,0,0,1.0,0.0,0,1,30000,0,,5000.0,0.0,mV,0
RACK中各AFE总压[0],Rack AFE Voltage [0],662,1,0,0,0,0,0,0,0,1.0,0.0,0,1,30000,0,,4294967295.0,0.0,mV,0
RACK中各AFE总压[1],Rack AFE Voltage [1],663,1,0,0,0,0,0,0,0,1.0,0.0,0,1,30000,0,,4294967295.0,0.0,mV,0
RACK中各AFE总压[2],Rack AFE Voltage [2],664,1,0,0,0,0,0,0,0,1.0,0.0,0,1,30000,0,,4294967295.0,0.0,mV,0
RACK中各AFE总压[3],Rack AFE Voltage [3],665,1,0,0,0,0,0,0,0,1.0,0.0,0,1,30000,0,,4294967295.0,0.0,mV,0
RACK中各AFE总压[4],Rack AFE Voltage [4],666,1,0,0,0,0,0,0,0,1.0,0.0,0,1,30000,0,,4294967295.0,0.0,mV,0
RACK中各AFE总压[5],Rack AFE Voltage [5],667,1,0,0,0,0,0,0,0,1.0,0.0,0,1,30000,0,,4294967295.0,0.0,mV,0
RACK中各AFE总压[6],Rack AFE Voltage [6],668,1,0,0,0,0,0,0,0,1.0,0.0,0,1,30000,0,,4294967295.0,0.0,mV,0
RACK中各AFE总压[7],Rack AFE Voltage [7],669,1,0,0,0,0,0,0,0,1.0,0.0,0,1,30000,0,,4294967295.0,0.0,mV,0
RACK中各AFE总压[8],Rack AFE Voltage [8],670,1,0,0,0,0,0,0,0,1.0,0.0,0,1,30000,0,,4294967295.0,0.0,mV,0
RACK中各AFE总压[9],Rack AFE Voltage [9],671,1,0,0,0,0,0,0,0,1.0,0.0,0,1,30000,0,,4294967295.0,0.0,mV,0
RACK中各AFE总压[10],Rack AFE Voltage [10],672,1,0,0,0,0,0,0,0,1.0,0.0,0,1,30000,0,,4294967295.0,0.0,mV,0
RACK中各AFE总压[11],Rack AFE Voltage [11],673,1,0,0,0,0,0,0,0,1.0,0.0,0,1,30000,0,,4294967295.0,0.0,mV,0
RACK中各AFE总压[12],Rack AFE Voltage [12],674,1,0,0,0,0,0,0,0,1.0,0.0,0,1,30000,0,,4294967295.0,0.0,mV,0
RACK中各AFE总压[13],Rack AFE Voltage [13],675,1,0,0,0,0,0,0,0,1.0,0.0,0,1,30000,0,,4294967295.0,0.0,mV,0
RACK中各AFE总压[14],Rack AFE Voltage [14],676,1,0,0,0,0,0,0,0,1.0,0.0,0,1,30000,0,,4294967295.0,0.0,mV,0
RACK中各AFE总压[15],Rack AFE Voltage [15],677,1,0,0,0,0,0,0,0,1.0,0.0,0,1,30000,0,,4294967295.0,0.0,mV,0
RACK中各AFE总压[16],Rack AFE Voltage [16],678,1,0,0,0,0,0,0,0,1.0,0.0,0,1,30000,0,,4294967295.0,0.0,mV,0
RACK中各AFE总压[17],Rack AFE Voltage [17],679,1,0,0,0,0,0,0,0,1.0,0.0,0,1,30000,0,,4294967295.0,0.0,mV,0
RACK中各AFE总压[18],Rack AFE Voltage [18],680,1,0,0,0,0,0,0,0,1.0,0.0,0,1,30000,0,,4294967295.0,0.0,mV,0
RACK中各AFE总压[19],Rack AFE Voltage [19],681,1,0,0,0,0,0,0,0,1.0,0.0,0,1,30000,0,,4294967295.0,0.0,mV,0
RACK中各AFE总压[20],Rack AFE Voltage [20],682,1,0,0,0,0,0,0,0,1.0,0.0,0,1,30000,0,,4294967295.0,0.0,mV,0
RACK中各AFE总压[21],Rack AFE Voltage [21],683,1,0,0,0,0,0,0,0,1.0,0.0,0,1,30000,0,,4294967295.0,0.0,mV,0
RACK中各AFE总压[22],Rack AFE Voltage [22],684,1,0,0,0,0,0,0,0,1.0,0.0,0,1,30000,0,,4294967295.0,0.0,mV,0
RACK中各AFE总压[23],Rack AFE Voltage [23],685,1,0,0,0,0,0,0,0,1.0,0.0,0,1,30000,0,,4294967295.0,0.0,mV,0
RACK中各AFE总压[24],Rack AFE Voltage [24],686,1,0,0,0,0,0,0,0,1.0,0.0,0,1,30000,0,,4294967295.0,0.0,mV,0
RACK中各AFE总压[25],Rack AFE Voltage [25],687,1,0,0,0,0,0,0,0,1.0,0.0,0,1,30000,0,,4294967295.0,0.0,mV,0
RACK中各AFE总压[26],Rack AFE Voltage [26],688,1,0,0,0,0,0,0,0,1.0,0.0,0,1,30000,0,,4294967295.0,0.0,mV,0
RACK中各AFE总压[27],Rack AFE Voltage [27],689,1,0,0,0,0,0,0,0,1.0,0.0,0,1,30000,0,,4294967295.0,0.0,mV,0
RACK中各AFE总压[28],Rack AFE Voltage [28],690,1,0,0,0,0,0,0,0,1.0,0.0,0,1,30000,0,,4294967295.0,0.0,mV,0
RACK中各AFE总压[29],Rack AFE Voltage [29],691,1,0,0,0,0,0,0,0,1.0,0.0,0,1,30000,0,,4294967295.0,0.0,mV,0
RACK中各AFE总压[30],Rack AFE Voltage [30],692,1,0,0,0,0,0,0,0,1.0,0.0,0,1,30000,0,,4294967295.0,0.0,mV,0
RACK中各AFE总压[31],Rack AFE Voltage [31],693,1,0,0,0,0,0,0,0,1.0,0.0,0,1,30000,0,,4294967295.0,0.0,mV,0
电芯温度[0],Cell Temp [0],694,1,0,0,0,0,0,0,1,0.1,-40.0,0,1,30000,0,,125.1,-40.0,℃,0
电芯温度[1],Cell Temp [1],695,1,0,0,0,0,0,0,1,0.1,-40.0,0,1,30000,0,,125.1,-40.0,℃,0
电芯温度[2],Cell Temp [2],696,1,0,0,0,0,0,0,1,0.1,-40.0,0,1,30000,0,,125.1,-40.0,℃,0
电芯温度[3],Cell Temp [3],697,1,0,0,0,0,0,0,1,0.1,-40.0,0,1,30000,0,,125.1,-40.0,℃,0
电芯温度[4],Cell Temp [4],698,1,0,0,0,0,0,0,1,0.1,-40.0,0,1,30000,0,,125.1,-40.0,℃,0
电芯温度[5],Cell Temp [5],699,1,0,0,0,0,0,0,1,0.1,-40.0,0,1,30000,0,,125.1,-40.0,℃,0
电芯温度[6],Cell Temp [6],700,1,0,0,0,0,0,0,1,0.1,-40.0,0,1,30000,0,,125.1,-40.0,℃,0
电芯温度[7],Cell Temp [7],701,1,0,0,0,0,0,0,1,0.1,-40.0,0,1,30000,0,,125.1,-40.0,℃,0
电芯温度[8],Cell Temp [8],702,1,0,0,0,0,0,0,1,0.1,-40.0,0,1,30000,0,,125.1,-40.0,℃,0
电芯温度[9],Cell Temp [9],703,1,0,0,0,0,0,0,1,0.1,-40.0,0,1,30000,0,,125.1,-40.0,℃,0
电芯温度[10],Cell Temp [10],704,1,0,0,0,0,0,0,1,0.1,-40.0,0,1,30000,0,,125.1,-40.0,℃,0
电芯温度[11],Cell Temp [11],705,1,0,0,0,0,0,0,1,0.1,-40.0,0,1,30000,0,,125.1,-40.0,℃,0
电芯温度[12],Cell Temp [12],706,1,0,0,0,0,0,0,1,0.1,-40.0,0,1,30000,0,,125.1,-40.0,℃,0
电芯温度[13],Cell Temp [13],707,1,0,0,0,0,0,0,1,0.1,-40.0,0,1,30000,0,,125.1,-40.0,℃,0
电芯温度[14],Cell Temp [14],708,1,0,0,0,0,0,0,1,0.1,-40.0,0,1,30000,0,,125.1,-40.0,℃,0
电芯温度[15],Cell Temp [15],709,1,0,0,0,0,0,0,1,0.1,-40.0,0,1,30000,0,,125.1,-40.0,℃,0
电芯温度[16],Cell Temp [16],710,1,0,0,0,0,0,0,1,0.1,-40.0,0,1,30000,0,,125.1,-40.0,℃,0
电芯温度[17],Cell Temp [17],711,1,0,0,0,0,0,0,1,0.1,-40.0,0,1,30000,0,,125.1,-40.0,℃,0
电芯温度[18],Cell Temp [18],712,1,0,0,0,0,0,0,1,0.1,-40.0,0,1,30000,0,,125.1,-40.0,℃,0
电芯温度[19],Cell Temp [19],713,1,0,0,0,0,0,0,1,0.1,-40.0,0,1,30000,0,,125.1,-40.0,℃,0
电芯温度[20],Cell Temp [20],714,1,0,0,0,0,0,0,1,0.1,-40.0,0,1,30000,0,,125.1,-40.0,℃,0
电芯温度[21],Cell Temp [21],715,1,0,0,0,0,0,0,1,0.1,-40.0,0,1,30000,0,,125.1,-40.0,℃,0
电芯温度[22],Cell Temp [22],716,1,0,0,0,0,0,0,1,0.1,-40.0,0,1,30000,0,,125.1,-40.0,℃,0
电芯温度[23],Cell Temp [23],717,1,0,0,0,0,0,0,1,0.1,-40.0,0,1,30000,0,,125.1,-40.0,℃,0
电芯温度[24],Cell Temp [24],718,1,0,0,0,0,0,0,1,0.1,-40.0,0,1,30000,0,,125.1,-40.0,℃,0
电芯温度[25],Cell Temp [25],719,1,0,0,0,0,0,0,1,0.1,-40.0,0,1,30000,0,,125.1,-40.0,℃,0
电芯温度[26],Cell Temp [26],720,1,0,0,0,0,0,0,1,0.1,-40.0,0,1,30000,0,,125.1,-40.0,℃,0
电芯温度[27],Cell Temp [27],721,1,0,0,0,0,0,0,1,0.1,-40.0,0,1,30000,0,,125.1,-40.0,℃,0
电芯温度[28],Cell Temp [28],722,1,0,0,0,0,0,0,1,0.1,-40.0,0,1,30000,0,,125.1,-40.0,℃,0
电芯温度[29],Cell Temp [29],723,1,0,0,0,0,0,0,1,0.1,-40.0,0,1,30000,0,,125.1,-40.0,℃,0
电芯温度[30],Cell Temp [30],724,1,0,0,0,0,0,0,1,0.1,-40.0,0,1,30000,0,,125.1,-40.0,℃,0
电芯温度[31],Cell Temp [31],725,1,0,0,0,0,0,0,1,0.1,-40.0,0,1,30000,0,,125.1,-40.0,℃,0
电芯温度[32],Cell Temp [32],726,1,0,0,0,0,0,0,1,0.1,-40.0,0,1,30000,0,,125.1,-40.0,℃,0
电芯温度[33],Cell Temp [33],727,1,0,0,0,0,0,0,1,0.1,-40.0,0,1,30000,0,,125.1,-40.0,℃,0
电芯温度[34],Cell Temp [34],728,1,0,0,0,0,0,0,1,0.1,-40.0,0,1,30000,0,,125.1,-40.0,℃,0
电芯温度[35],Cell Temp [35],729,1,0,0,0,0,0,0,1,0.1,-40.0,0,1,30000,0,,125.1,-40.0,℃,0
电芯温度[36],Cell Temp [36],730,1,0,0,0,0,0,0,1,0.1,-40.0,0,1,30000,0,,125.1,-40.0,℃,0
电芯温度[37],Cell Temp [37],731,1,0,0,0,0,0,0,1,0.1,-40.0,0,1,30000,0,,125.1,-40.0,℃,0
电芯温度[38],Cell Temp [38],732,1,0,0,0,0,0,0,1,0.1,-40.0,0,1,30000,0,,125.1,-40.0,℃,0
电芯温度[39],Cell Temp [39],733,1,0,0,0,0,0,0,1,0.1,-40.0,0,1,30000,0,,125.1,-40.0,℃,0
电芯温度[40],Cell Temp [40],734,1,0,0,0,0,0,0,1,0.1,-40.0,0,1,30000,0,,125.1,-40.0,℃,0
电芯温度[41],Cell Temp [41],735,1,0,0,0,0,0,0,1,0.1,-40.0,0,1,30000,0,,125.1,-40.0,℃,0
电芯温度[42],Cell Temp [42],736,1,0,0,0,0,0,0,1,0.1,-40.0,0,1,30000,0,,125.1,-40.0,℃,0
电芯温度[43],Cell Temp [43],737,1,0,0,0,0,0,0,1,0.1,-40.0,0,1,30000,0,,125.1,-40.0,℃,0
电芯温度[44],Cell Temp [44],738,1,0,0,0,0,0,0,1,0.1,-40.0,0,1,30000,0,,125.1,-40.0,℃,0
电芯温度[45],Cell Temp [45],739,1,0,0,0,0,0,0,1,0.1,-40.0,0,1,30000,0,,125.1,-40.0,℃,0
电芯温度[46],Cell Temp [46],740,1,0,0,0,0,0,0,1,0.1,-40.0,0,1,30000,0,,125.1,-40.0,℃,0
电芯温度[47],Cell Temp [47],741,1,0,0,0,0,0,0,1,0.1,-40.0,0,1,30000,0,,125.1,-40.0,℃,0
电芯温度[48],Cell Temp [48],742,1,0,0,0,0,0,0,1,0.1,-40.0,0,1,30000,0,,125.1,-40.0,℃,0
电芯温度[49],Cell Temp [49],743,1,0,0,0,0,0,0,1,0.1,-40.0,0,1,30000,0,,125.1,-40.0,℃,0
电芯温度[50],Cell Temp [50],744,1,0,0,0,0,0,0,1,0.1,-40.0,0,1,30000,0,,125.1,-40.0,℃,0
电芯温度[51],Cell Temp [51],745,1,0,0,0,0,0,0,1,0.1,-40.0,0,1,30000,0,,125.1,-40.0,℃,0
电芯温度[52],Cell Temp [52],746,1,0,0,0,0,0,0,1,0.1,-40.0,0,1,30000,0,,125.1,-40.0,℃,0
电芯温度[53],Cell Temp [53],747,1,0,0,0,0,0,0,1,0.1,-40.0,0,1,30000,0,,125.1,-40.0,℃,0
电芯温度[54],Cell Temp [54],748,1,0,0,0,0,0,0,1,0.1,-40.0,0,1,30000,0,,125.1,-40.0,℃,0
电芯温度[55],Cell Temp [55],749,1,0,0,0,0,0,0,1,0.1,-40.0,0,1,30000,0,,125.1,-40.0,℃,0
电芯温度[56],Cell Temp [56],750,1,0,0,0,0,0,0,1,0.1,-40.0,0,1,30000,0,,125.1,-40.0,℃,0
电芯温度[57],Cell Temp [57],751,1,0,0,0,0,0,0,1,0.1,-40.0,0,1,30000,0,,125.1,-40.0,℃,0
电芯温度[58],Cell Temp [58],752,1,0,0,0,0,0,0,1,0.1,-40.0,0,1,30000,0,,125.1,-40.0,℃,0
电芯温度[59],Cell Temp [59],753,1,0,0,0,0,0,0,1,0.1,-40.0,0,1,30000,0,,125.1,-40.0,℃,0
电芯温度[60],Cell Temp [60],754,1,0,0,0,0,0,0,1,0.1,-40.0,0,1,30000,0,,125.1,-40.0,℃,0
电芯温度[61],Cell Temp [61],755,1,0,0,0,0,0,0,1,0.1,-40.0,0,1,30000,0,,125.1,-40.0,℃,0
电芯温度[62],Cell Temp [62],756,1,0,0,0,0,0,0,1,0.1,-40.0,0,1,30000,0,,125.1,-40.0,℃,0
电芯温度[63],Cell Temp [63],757,1,0,0,0,0,0,0,1,0.1,-40.0,0,1,30000,0,,125.1,-40.0,℃,0
电芯温度[64],Cell Temp [64],758,1,0,0,0,0,0,0,1,0.1,-40.0,0,1,30000,0,,125.1,-40.0,℃,0
电芯温度[65],Cell Temp [65],759,1,0,0,0,0,0,0,1,0.1,-40.0,0,1,30000,0,,125.1,-40.0,℃,0
电芯温度[66],Cell Temp [66],760,1,0,0,0,0,0,0,1,0.1,-40.0,0,1,30000,0,,125.1,-40.0,℃,0
电芯温度[67],Cell Temp [67],761,1,0,0,0,0,0,0,1,0.1,-40.0,0,1,30000,0,,125.1,-40.0,℃,0
电芯温度[68],Cell Temp [68],762,1,0,0,0,0,0,0,1,0.1,-40.0,0,1,30000,0,,125.1,-40.0,℃,0
电芯温度[69],Cell Temp [69],763,1,0,0,0,0,0,0,1,0.1,-40.0,0,1,30000,0,,125.1,-40.0,℃,0
电芯温度[70],Cell Temp [70],764,1,0,0,0,0,0,0,1,0.1,-40.0,0,1,30000,0,,125.1,-40.0,℃,0
电芯温度[71],Cell Temp [71],765,1,0,0,0,0,0,0,1,0.1,-40.0,0,1,30000,0,,125.1,-40.0,℃,0
电芯温度[72],Cell Temp [72],766,1,0,0,0,0,0,0,1,0.1,-40.0,0,1,30000,0,,125.1,-40.0,℃,0
电芯温度[73],Cell Temp [73],767,1,0,0,0,0,0,0,1,0.1,-40.0,0,1,30000,0,,125.1,-40.0,℃,0
电芯温度[74],Cell Temp [74],768,1,0,0,0,0,0,0,1,0.1,-40.0,0,1,30000,0,,125.1,-40.0,℃,0
电芯温度[75],Cell Temp [75],769,1,0,0,0,0,0,0,1,0.1,-40.0,0,1,30000,0,,125.1,-40.0,℃,0
电芯温度[76],Cell Temp [76],770,1,0,0,0,0,0,0,1,0.1,-40.0,0,1,30000,0,,125.1,-40.0,℃,0
电芯温度[77],Cell Temp [77],771,1,0,0,0,0,0,0,1,0.1,-40.0,0,1,30000,0,,125.1,-40.0,℃,0
电芯温度[78],Cell Temp [78],772,1,0,0,0,0,0,0,1,0.1,-40.0,0,1,30000,0,,125.1,-40.0,℃,0
电芯温度[79],Cell Temp [79],773,1,0,0,0,0,0,0,1,0.1,-40.0,0,1,30000,0,,125.1,-40.0,℃,0
电芯温度[80],Cell Temp [80],774,1,0,0,0,0,0,0,1,0.1,-40.0,0,1,30000,0,,125.1,-40.0,℃,0
电芯温度[81],Cell Temp [81],775,1,0,0,0,0,0,0,1,0.1,-40.0,0,1,30000,0,,125.1,-40.0,℃,0
电芯温度[82],Cell Temp [82],776,1,0,0,0,0,0,0,1,0.1,-40.0,0,1,30000,0,,125.1,-40.0,℃,0
电芯温度[83],Cell Temp [83],777,1,0,0,0,0,0,0,1,0.1,-40.0,0,1,30000,0,,125.1,-40.0,℃,0
电芯温度[84],Cell Temp [84],778,1,0,0,0,0,0,0,1,0.1,-40.0,0,1,30000,0,,125.1,-40.0,℃,0
电芯温度[85],Cell Temp [85],779,1,0,0,0,0,0,0,1,0.1,-40.0,0,1,30000,0,,125.1,-40.0,℃,0
电芯温度[86],Cell Temp [86],780,1,0,0,0,0,0,0,1,0.1,-40.0,0,1,30000,0,,125.1,-40.0,℃,0
电芯温度[87],Cell Temp [87],781,1,0,0,0,0,0,0,1,0.1,-40.0,0,1,30000,0,,125.1,-40.0,℃,0
电芯温度[88],Cell Temp [88],782,1,0,0,0,0,0,0,1,0.1,-40.0,0,1,30000,0,,125.1,-40.0,℃,0
电芯温度[89],Cell Temp [89],783,1,0,0,0,0,0,0,1,0.1,-40.0,0,1,30000,0,,125.1,-40.0,℃,0
电芯温度[90],Cell Temp [90],784,1,0,0,0,0,0,0,1,0.1,-40.0,0,1,30000,0,,125.1,-40.0,℃,0
电芯温度[91],Cell Temp [91],785,1,0,0,0,0,0,0,1,0.1,-40.0,0,1,30000,0,,125.1,-40.0,℃,0
电芯温度[92],Cell Temp [92],786,1,0,0,0,0,0,0,1,0.1,-40.0,0,1,30000,0,,125.1,-40.0,℃,0
电芯温度[93],Cell Temp [93],787,1,0,0,0,0,0,0,1,0.1,-40.0,0,1,30000,0,,125.1,-40.0,℃,0
电芯温度[94],Cell Temp [94],788,1,0,0,0,0,0,0,1,0.1,-40.0,0,1,30000,0,,125.1,-40.0,℃,0
电芯温度[95],Cell Temp [95],789,1,0,0,0,0,0,0,1,0.1,-40.0,0,1,30000,0,,125.1,-40.0,℃,0
电芯温度[96],Cell Temp [96],790,1,0,0,0,0,0,0,1,0.1,-40.0,0,1,30000,0,,125.1,-40.0,℃,0
电芯温度[97],Cell Temp [97],791,1,0,0,0,0,0,0,1,0.1,-40.0,0,1,30000,0,,125.1,-40.0,℃,0
电芯温度[98],Cell Temp [98],792,1,0,0,0,0,0,0,1,0.1,-40.0,0,1,30000,0,,125.1,-40.0,℃,0
电芯温度[99],Cell Temp [99],793,1,0,0,0,0,0,0,1,0.1,-40.0,0,1,30000,0,,125.1,-40.0,℃,0
电芯温度[100],Cell Temp [100],794,1,0,0,0,0,0,0,1,0.1,-40.0,0,1,30000,0,,125.1,-40.0,℃,0
电芯温度[101],Cell Temp [101],795,1,0,0,0,0,0,0,1,0.1,-40.0,0,1,30000,0,,125.1,-40.0,℃,0
电芯温度[102],Cell Temp [102],796,1,0,0,0,0,0,0,1,0.1,-40.0,0,1,30000,0,,125.1,-40.0,℃,0
电芯温度[103],Cell Temp [103],797,1,0,0,0,0,0,0,1,0.1,-40.0,0,1,30000,0,,125.1,-40.0,℃,0
电芯温度[104],Cell Temp [104],798,1,0,0,0,0,0,0,1,0.1,-40.0,0,1,30000,0,,125.1,-40.0,℃,0
电芯温度[105],Cell Temp [105],799,1,0,0,0,0,0,0,1,0.1,-40.0,0,1,30000,0,,125.1,-40.0,℃,0
电芯温度[106],Cell Temp [106],800,1,0,0,0,0,0,0,1,0.1,-40.0,0,1,30000,0,,125.1,-40.0,℃,0
电芯温度[107],Cell Temp [107],801,1,0,0,0,0,0,0,1,0.1,-40.0,0,1,30000,0,,125.1,-40.0,℃,0
电芯温度[108],Cell Temp [108],802,1,0,0,0,0,0,0,1,0.1,-40.0,0,1,30000,0,,125.1,-40.0,℃,0
电芯温度[109],Cell Temp [109],803,1,0,0,0,0,0,0,1,0.1,-40.0,0,1,30000,0,,125.1,-40.0,℃,0
电芯温度[110],Cell Temp [110],804,1,0,0,0,0,0,0,1,0.1,-40.0,0,1,30000,0,,125.1,-40.0,℃,0
电芯温度[111],Cell Temp [111],805,1,0,0,0,0,0,0,1,0.1,-40.0,0,1,30000,0,,125.1,-40.0,℃,0
电芯温度[112],Cell Temp [112],806,1,0,0,0,0,0,0,1,0.1,-40.0,0,1,30000,0,,125.1,-40.0,℃,0
电芯温度[113],Cell Temp [113],807,1,0,0,0,0,0,0,1,0.1,-40.0,0,1,30000,0,,125.1,-40.0,℃,0
电芯温度[114],Cell Temp [114],808,1,0,0,0,0,0,0,1,0.1,-40.0,0,1,30000,0,,125.1,-40.0,℃,0
电芯温度[115],Cell Temp [115],809,1,0,0,0,0,0,0,1,0.1,-40.0,0,1,30000,0,,125.1,-40.0,℃,0
电芯温度[116],Cell Temp [116],810,1,0,0,0,0,0,0,1,0.1,-40.0,0,1,30000,0,,125.1,-40.0,℃,0
电芯温度[117],Cell Temp [117],811,1,0,0,0,0,0,0,1,0.1,-40.0,0,1,30000,0,,125.1,-40.0,℃,0
电芯温度[118],Cell Temp [118],812,1,0,0,0,0,0,0,1,0.1,-40.0,0,1,30000,0,,125.1,-40.0,℃,0
电芯温度[119],Cell Temp [119],813,1,0,0,0,0,0,0,1,0.1,-40.0,0,1,30000,0,,125.1,-40.0,℃,0
电芯温度[120],Cell Temp [120],814,1,0,0,0,0,0,0,1,0.1,-40.0,0,1,30000,0,,125.1,-40.0,℃,0
电芯温度[121],Cell Temp [121],815,1,0,0,0,0,0,0,1,0.1,-40.0,0,1,30000,0,,125.1,-40.0,℃,0
电芯温度[122],Cell Temp [122],816,1,0,0,0,0,0,0,1,0.1,-40.0,0,1,30000,0,,125.1,-40.0,℃,0
电芯温度[123],Cell Temp [123],817,1,0,0,0,0,0,0,1,0.1,-40.0,0,1,30000,0,,125.1,-40.0,℃,0
电芯温度[124],Cell Temp [124],818,1,0,0,0,0,0,0,1,0.1,-40.0,0,1,30000,0,,125.1,-40.0,℃,0
电芯温度[125],Cell Temp [125],819,1,0,0,0,0,0,0,1,0.1,-40.0,0,1,30000,0,,125.1,-40.0,℃,0
电芯温度[126],Cell Temp [126],820,1,0,0,0,0,0,0,1,0.1,-40.0,0,1,30000,0,,125.1,-40.0,℃,0
电芯温度[127],Cell Temp [127],821,1,0,0,0,0,0,0,1,0.1,-40.0,0,1,30000,0,,125.1,-40.0,℃,0
电芯温度[128],Cell Temp [128],822,1,0,0,0,0,0,0,1,0.1,-40.0,0,1,30000,0,,125.1,-40.0,℃,0
电芯温度[129],Cell Temp [129],823,1,0,0,0,0,0,0,1,0.1,-40.0,0,1,30000,0,,125.1,-40.0,℃,0
电芯温度[130],Cell Temp [130],824,1,0,0,0,0,0,0,1,0.1,-40.0,0,1,30000,0,,125.1,-40.0,℃,0
电芯温度[131],Cell Temp [131],825,1,0,0,0,0,0,0,1,0.1,-40.0,0,1,30000,0,,125.1,-40.0,℃,0
电芯温度[132],Cell Temp [132],826,1,0,0,0,0,0,0,1,0.1,-40.0,0,1,30000,0,,125.1,-40.0,℃,0
电芯温度[133],Cell Temp [133],827,1,0,0,0,0,0,0,1,0.1,-40.0,0,1,30000,0,,125.1,-40.0,℃,0
电芯温度[134],Cell Temp [134],828,1,0,0,0,0,0,0,1,0.1,-40.0,0,1,30000,0,,125.1,-40.0,℃,0
电芯温度[135],Cell Temp [135],829,1,0,0,0,0,0,0,1,0.1,-40.0,0,1,30000,0,,125.1,-40.0,℃,0
电芯温度[136],Cell Temp [136],830,1,0,0,0,0,0,0,1,0.1,-40.0,0,1,30000,0,,125.1,-40.0,℃,0
电芯温度[137],Cell Temp [137],831,1,0,0,0,0,0,0,1,0.1,-40.0,0,1,30000,0,,125.1,-40.0,℃,0
电芯温度[138],Cell Temp [138],832,1,0,0,0,0,0,0,1,0.1,-40.0,0,1,30000,0,,125.1,-40.0,℃,0
电芯温度[139],Cell Temp [139],833,1,0,0,0,0,0,0,1,0.1,-40.0,0,1,30000,0,,125.1,-40.0,℃,0
电芯温度[140],Cell Temp [140],834,1,0,0,0,0,0,0,1,0.1,-40.0,0,1,30000,0,,125.1,-40.0,℃,0
电芯温度[141],Cell Temp [141],835,1,0,0,0,0,0,0,1,0.1,-40.0,0,1,30000,0,,125.1,-40.0,℃,0
电芯温度[142],Cell Temp [142],836,1,0,0,0,0,0,0,1,0.1,-40.0,0,1,30000,0,,125.1,-40.0,℃,0
电芯温度[143],Cell Temp [143],837,1,0,0,0,0,0,0,1,0.1,-40.0,0,1,30000,0,,125.1,-40.0,℃,0
电芯温度[144],Cell Temp [144],838,1,0,0,0,0,0,0,1,0.1,-40.0,0,1,30000,0,,125.1,-40.0,℃,0
电芯温度[145],Cell Temp [145],839,1,0,0,0,0,0,0,1,0.1,-40.0,0,1,30000,0,,125.1,-40.0,℃,0
电芯温度[146],Cell Temp [146],840,1,0,0,0,0,0,0,1,0.1,-40.0,0,1,30000,0,,125.1,-40.0,℃,0
电芯温度[147],Cell Temp [147],841,1,0,0,0,0,0,0,1,0.1,-40.0,0,1,30000,0,,125.1,-40.0,℃,0
电芯温度[148],Cell Temp [148],842,1,0,0,0,0,0,0,1,0.1,-40.0,0,1,30000,0,,125.1,-40.0,℃,0
电芯温度[149],Cell Temp [149],843,1,0,0,0,0,0,0,1,0.1,-40.0,0,1,30000,0,,125.1,-40.0,℃,0
电芯温度[150],Cell Temp [150],844,1,0,0,0,0,0,0,1,0.1,-40.0,0,1,30000,0,,125.1,-40.0,℃,0
电芯温度[151],Cell Temp [151],845,1,0,0,0,0,0,0,1,0.1,-40.0,0,1,30000,0,,125.1,-40.0,℃,0
电芯温度[152],Cell Temp [152],846,1,0,0,0,0,0,0,1,0.1,-40.0,0,1,30000,0,,125.1,-40.0,℃,0
电芯温度[153],Cell Temp [153],847,1,0,0,0,0,0,0,1,0.1,-40.0,0,1,30000,0,,125.1,-40.0,℃,0
电芯温度[154],Cell Temp [154],848,1,0,0,0,0,0,0,1,0.1,-40.0,0,1,30000,0,,125.1,-40.0,℃,0
电芯温度[155],Cell Temp [155],849,1,0,0,0,0,0,0,1,0.1,-40.0,0,1,30000,0,,125.1,-40.0,℃,0
电芯温度[156],Cell Temp [156],850,1,0,0,0,0,0,0,1,0.1,-40.0,0,1,30000,0,,125.1,-40.0,℃,0
电芯温度[157],Cell Temp [157],851,1,0,0,0,0,0,0,1,0.1,-40.0,0,1,30000,0,,125.1,-40.0,℃,0
电芯温度[158],Cell Temp [158],852,1,0,0,0,0,0,0,1,0.1,-40.0,0,1,30000,0,,125.1,-40.0,℃,0
电芯温度[159],Cell Temp [159],853,1,0,0,0,0,0,0,1,0.1,-40.0,0,1,30000,0,,125.1,-40.0,℃,0
电芯温度[160],Cell Temp [160],854,1,0,0,0,0,0,0,1,0.1,-40.0,0,1,30000,0,,125.1,-40.0,℃,0
电芯温度[161],Cell Temp [161],855,1,0,0,0,0,0,0,1,0.1,-40.0,0,1,30000,0,,125.1,-40.0,℃,0
电芯温度[162],Cell Temp [162],856,1,0,0,0,0,0,0,1,0.1,-40.0,0,1,30000,0,,125.1,-40.0,℃,0
电芯温度[163],Cell Temp [163],857,1,0,0,0,0,0,0,1,0.1,-40.0,0,1,30000,0,,125.1,-40.0,℃,0
电芯温度[164],Cell Temp [164],858,1,0,0,0,0,0,0,1,0.1,-40.0,0,1,30000,0,,125.1,-40.0,℃,0
电芯温度[165],Cell Temp [165],859,1,0,0,0,0,0,0,1,0.1,-40.0,0,1,30000,0,,125.1,-40.0,℃,0
电芯温度[166],Cell Temp [166],860,1,0,0,0,0,0,0,1,0.1,-40.0,0,1,30000,0,,125.1,-40.0,℃,0
电芯温度[167],Cell Temp [167],861,1,0,0,0,0,0,0,1,0.1,-40.0,0,1,30000,0,,125.1,-40.0,℃,0
电芯温度[168],Cell Temp [168],862,1,0,0,0,0,0,0,1,0.1,-40.0,0,1,30000,0,,125.1,-40.0,℃,0
电芯温度[169],Cell Temp [169],863,1,0,0,0,0,0,0,1,0.1,-40.0,0,1,30000,0,,125.1,-40.0,℃,0
电芯温度[170],Cell Temp [170],864,1,0,0,0,0,0,0,1,0.1,-40.0,0,1,30000,0,,125.1,-40.0,℃,0
电芯温度[171],Cell Temp [171],865,1,0,0,0,0,0,0,1,0.1,-40.0,0,1,30000,0,,125.1,-40.0,℃,0
电芯温度[172],Cell Temp [172],866,1,0,0,0,0,0,0,1,0.1,-40.0,0,1,30000,0,,125.1,-40.0,℃,0
电芯温度[173],Cell Temp [173],867,1,0,0,0,0,0,0,1,0.1,-40.0,0,1,30000,0,,125.1,-40.0,℃,0
电芯温度[174],Cell Temp [174],868,1,0,0,0,0,0,0,1,0.1,-40.0,0,1,30000,0,,125.1,-40.0,℃,0
电芯温度[175],Cell Temp [175],869,1,0,0,0,0,0,0,1,0.1,-40.0,0,1,30000,0,,125.1,-40.0,℃,0
电芯温度[176],Cell Temp [176],870,1,0,0,0,0,0,0,1,0.1,-40.0,0,1,30000,0,,125.1,-40.0,℃,0
电芯温度[177],Cell Temp [177],871,1,0,0,0,0,0,0,1,0.1,-40.0,0,1,30000,0,,125.1,-40.0,℃,0
电芯温度[178],Cell Temp [178],872,1,0,0,0,0,0,0,1,0.1,-40.0,0,1,30000,0,,125.1,-40.0,℃,0
电芯温度[179],Cell Temp [179],873,1,0,0,0,0,0,0,1,0.1,-40.0,0,1,30000,0,,125.1,-40.0,℃,0
电芯温度[180],Cell Temp [180],874,1,0,0,0,0,0,0,1,0.1,-40.0,0,1,30000,0,,125.1,-40.0,℃,0
电芯温度[181],Cell Temp [181],875,1,0,0,0,0,0,0,1,0.1,-40.0,0,1,30000,0,,125.1,-40.0,℃,0
电芯温度[182],Cell Temp [182],876,1,0,0,0,0,0,0,1,0.1,-40.0,0,1,30000,0,,125.1,-40.0,℃,0
电芯温度[183],Cell Temp [183],877,1,0,0,0,0,0,0,1,0.1,-40.0,0,1,30000,0,,125.1,-40.0,℃,0
电芯温度[184],Cell Temp [184],878,1,0,0,0,0,0,0,1,0.1,-40.0,0,1,30000,0,,125.1,-40.0,℃,0
电芯温度[185],Cell Temp [185],879,1,0,0,0,0,0,0,1,0.1,-40.0,0,1,30000,0,,125.1,-40.0,℃,0
电芯温度[186],Cell Temp [186],880,1,0,0,0,0,0,0,1,0.1,-40.0,0,1,30000,0,,125.1,-40.0,℃,0
电芯温度[187],Cell Temp [187],881,1,0,0,0,0,0,0,1,0.1,-40.0,0,1,30000,0,,125.1,-40.0,℃,0
电芯温度[188],Cell Temp [188],882,1,0,0,0,0,0,0,1,0.1,-40.0,0,1,30000,0,,125.1,-40.0,℃,0
电芯温度[189],Cell Temp [189],883,1,0,0,0,0,0,0,1,0.1,-40.0,0,1,30000,0,,125.1,-40.0,℃,0
电芯温度[190],Cell Temp [190],884,1,0,0,0,0,0,0,1,0.1,-40.0,0,1,30000,0,,125.1,-40.0,℃,0
电芯温度[191],Cell Temp [191],885,1,0,0,0,0,0,0,1,0.1,-40.0,0,1,30000,0,,125.1,-40.0,℃,0
电芯温度[192],Cell Temp [192],886,1,0,0,0,0,0,0,1,0.1,-40.0,0,1,30000,0,,125.1,-40.0,℃,0
电芯温度[193],Cell Temp [193],887,1,0,0,0,0,0,0,1,0.1,-40.0,0,1,30000,0,,125.1,-40.0,℃,0
电芯温度[194],Cell Temp [194],888,1,0,0,0,0,0,0,1,0.1,-40.0,0,1,30000,0,,125.1,-40.0,℃,0
电芯温度[195],Cell Temp [195],889,1,0,0,0,0,0,0,1,0.1,-40.0,0,1,30000,0,,125.1,-40.0,℃,0
电芯温度[196],Cell Temp [196],890,1,0,0,0,0,0,0,1,0.1,-40.0,0,1,30000,0,,125.1,-40.0,℃,0
电芯温度[197],Cell Temp [197],891,1,0,0,0,0,0,0,1,0.1,-40.0,0,1,30000,0,,125.1,-40.0,℃,0
电芯温度[198],Cell Temp [198],892,1,0,0,0,0,0,0,1,0.1,-40.0,0,1,30000,0,,125.1,-40.0,℃,0
电芯温度[199],Cell Temp [199],893,1,0,0,0,0,0,0,1,0.1,-40.0,0,1,30000,0,,125.1,-40.0,℃,0
电芯温度[200],Cell Temp [200],894,1,0,0,0,0,0,0,1,0.1,-40.0,0,1,30000,0,,125.1,-40.0,℃,0
电芯温度[201],Cell Temp [201],895,1,0,0,0,0,0,0,1,0.1,-40.0,0,1,30000,0,,125.1,-40.0,℃,0
电芯温度[202],Cell Temp [202],896,1,0,0,0,0,0,0,1,0.1,-40.0,0,1,30000,0,,125.1,-40.0,℃,0
电芯温度[203],Cell Temp [203],897,1,0,0,0,0,0,0,1,0.1,-40.0,0,1,30000,0,,125.1,-40.0,℃,0
电芯温度[204],Cell Temp [204],898,1,0,0,0,0,0,0,1,0.1,-40.0,0,1,30000,0,,125.1,-40.0,℃,0
电芯温度[205],Cell Temp [205],899,1,0,0,0,0,0,0,1,0.1,-40.0,0,1,30000,0,,125.1,-40.0,℃,0
电芯温度[206],Cell Temp [206],900,1,0,0,0,0,0,0,1,0.1,-40.0,0,1,30000,0,,125.1,-40.0,℃,0
电芯温度[207],Cell Temp [207],901,1,0,0,0,0,0,0,1,0.1,-40.0,0,1,30000,0,,125.1,-40.0,℃,0
电芯温度[208],Cell Temp [208],902,1,0,0,0,0,0,0,1,0.1,-40.0,0,1,30000,0,,125.1,-40.0,℃,0
电芯温度[209],Cell Temp [209],903,1,0,0,0,0,0,0,1,0.1,-40.0,0,1,30000,0,,125.1,-40.0,℃,0
电芯温度[210],Cell Temp [210],904,1,0,0,0,0,0,0,1,0.1,-40.0,0,1,30000,0,,125.1,-40.0,℃,0
电芯温度[211],Cell Temp [211],905,1,0,0,0,0,0,0,1,0.1,-40.0,0,1,30000,0,,125.1,-40.0,℃,0
电芯温度[212],Cell Temp [212],906,1,0,0,0,0,0,0,1,0.1,-40.0,0,1,30000,0,,125.1,-40.0,℃,0
电芯温度[213],Cell Temp [213],907,1,0,0,0,0,0,0,1,0.1,-40.0,0,1,30000,0,,125.1,-40.0,℃,0
电芯温度[214],Cell Temp [214],908,1,0,0,0,0,0,0,1,0.1,-40.0,0,1,30000,0,,125.1,-40.0,℃,0
电芯温度[215],Cell Temp [215],909,1,0,0,0,0,0,0,1,0.1,-40.0,0,1,30000,0,,125.1,-40.0,℃,0
电芯温度[216],Cell Temp [216],910,1,0,0,0,0,0,0,1,0.1,-40.0,0,1,30000,0,,125.1,-40.0,℃,0
电芯温度[217],Cell Temp [217],911,1,0,0,0,0,0,0,1,0.1,-40.0,0,1,30000,0,,125.1,-40.0,℃,0
电芯温度[218],Cell Temp [218],912,1,0,0,0,0,0,0,1,0.1,-40.0,0,1,30000,0,,125.1,-40.0,℃,0
电芯温度[219],Cell Temp [219],913,1,0,0,0,0,0,0,1,0.1,-40.0,0,1,30000,0,,125.1,-40.0,℃,0
电芯温度[220],Cell Temp [220],914,1,0,0,0,0,0,0,1,0.1,-40.0,0,1,30000,0,,125.1,-40.0,℃,0
电芯温度[221],Cell Temp [221],915,1,0,0,0,0,0,0,1,0.1,-40.0,0,1,30000,0,,125.1,-40.0,℃,0
电芯温度[222],Cell Temp [222],916,1,0,0,0,0,0,0,1,0.1,-40.0,0,1,30000,0,,125.1,-40.0,℃,0
电芯温度[223],Cell Temp [223],917,1,0,0,0,0,0,0,1,0.1,-40.0,0,1,30000,0,,125.1,-40.0,℃,0
电芯温度[224],Cell Temp [224],918,1,0,0,0,0,0,0,1,0.1,-40.0,0,1,30000,0,,125.1,-40.0,℃,0
电芯温度[225],Cell Temp [225],919,1,0,0,0,0,0,0,1,0.1,-40.0,0,1,30000,0,,125.1,-40.0,℃,0
电芯温度[226],Cell Temp [226],920,1,0,0,0,0,0,0,1,0.1,-40.0,0,1,30000,0,,125.1,-40.0,℃,0
电芯温度[227],Cell Temp [227],921,1,0,0,0,0,0,0,1,0.1,-40.0,0,1,30000,0,,125.1,-40.0,℃,0
电芯温度[228],Cell Temp [228],922,1,0,0,0,0,0,0,1,0.1,-40.0,0,1,30000,0,,125.1,-40.0,℃,0
电芯温度[229],Cell Temp [229],923,1,0,0,0,0,0,0,1,0.1,-40.0,0,1,30000,0,,125.1,-40.0,℃,0
电芯温度[230],Cell Temp [230],924,1,0,0,0,0,0,0,1,0.1,-40.0,0,1,30000,0,,125.1,-40.0,℃,0
电芯温度[231],Cell Temp [231],925,1,0,0,0,0,0,0,1,0.1,-40.0,0,1,30000,0,,125.1,-40.0,℃,0
电芯温度[232],Cell Temp [232],926,1,0,0,0,0,0,0,1,0.1,-40.0,0,1,30000,0,,125.1,-40.0,℃,0
电芯温度[233],Cell Temp [233],927,1,0,0,0,0,0,0,1,0.1,-40.0,0,1,30000,0,,125.1,-40.0,℃,0
电芯温度[234],Cell Temp [234],928,1,0,0,0,0,0,0,1,0.1,-40.0,0,1,30000,0,,125.1,-40.0,℃,0
电芯温度[235],Cell Temp [235],929,1,0,0,0,0,0,0,1,0.1,-40.0,0,1,30000,0,,125.1,-40.0,℃,0
电芯温度[236],Cell Temp [236],930,1,0,0,0,0,0,0,1,0.1,-40.0,0,1,30000,0,,125.1,-40.0,℃,0
电芯温度[237],Cell Temp [237],931,1,0,0,0,0,0,0,1,0.1,-40.0,0,1,30000,0,,125.1,-40.0,℃,0
电芯温度[238],Cell Temp [238],932,1,0,0,0,0,0,0,1,0.1,-40.0,0,1,30000,0,,125.1,-40.0,℃,0
电芯温度[239],Cell Temp [239],933,1,0,0,0,0,0,0,1,0.1,-40.0,0,1,30000,0,,125.1,-40.0,℃,0
电芯温度[240],Cell Temp [240],934,1,0,0,0,0,0,0,1,0.1,-40.0,0,1,30000,0,,125.1,-40.0,℃,0
电芯温度[241],Cell Temp [241],935,1,0,0,0,0,0,0,1,0.1,-40.0,0,1,30000,0,,125.1,-40.0,℃,0
电芯温度[242],Cell Temp [242],936,1,0,0,0,0,0,0,1,0.1,-40.0,0,1,30000,0,,125.1,-40.0,℃,0
电芯温度[243],Cell Temp [243],937,1,0,0,0,0,0,0,1,0.1,-40.0,0,1,30000,0,,125.1,-40.0,℃,0
电芯温度[244],Cell Temp [244],938,1,0,0,0,0,0,0,1,0.1,-40.0,0,1,30000,0,,125.1,-40.0,℃,0
电芯温度[245],Cell Temp [245],939,1,0,0,0,0,0,0,1,0.1,-40.0,0,1,30000,0,,125.1,-40.0,℃,0
电芯温度[246],Cell Temp [246],940,1,0,0,0,0,0,0,1,0.1,-40.0,0,1,30000,0,,125.1,-40.0,℃,0
电芯温度[247],Cell Temp [247],941,1,0,0,0,0,0,0,1,0.1,-40.0,0,1,30000,0,,125.1,-40.0,℃,0
电芯温度[248],Cell Temp [248],942,1,0,0,0,0,0,0,1,0.1,-40.0,0,1,30000,0,,125.1,-40.0,℃,0
电芯温度[249],Cell Temp [249],943,1,0,0,0,0,0,0,1,0.1,-40.0,0,1,30000,0,,125.1,-40.0,℃,0
电芯温度[250],Cell Temp [250],944,1,0,0,0,0,0,0,1,0.1,-40.0,0,1,30000,0,,125.1,-40.0,℃,0
电芯温度[251],Cell Temp [251],945,1,0,0,0,0,0,0,1,0.1,-40.0,0,1,30000,0,,125.1,-40.0,℃,0
电芯温度[252],Cell Temp [252],946,1,0,0,0,0,0,0,1,0.1,-40.0,0,1,30000,0,,125.1,-40.0,℃,0
电芯温度[253],Cell Temp [253],947,1,0,0,0,0,0,0,1,0.1,-40.0,0,1,30000,0,,125.1,-40.0,℃,0
电芯温度[254],Cell Temp [254],948,1,0,0,0,0,0,0,1,0.1,-40.0,0,1,30000,0,,125.1,-40.0,℃,0
电芯温度[255],Cell Temp [255],949,1,0,0,0,0,0,0,1,0.1,-40.0,0,1,30000,0,,125.1,-40.0,℃,0
电芯温度[256],Cell Temp [256],950,1,0,0,0,0,0,0,1,0.1,-40.0,0,1,30000,0,,125.1,-40.0,℃,0
电芯温度[257],Cell Temp [257],951,1,0,0,0,0,0,0,1,0.1,-40.0,0,1,30000,0,,125.1,-40.0,℃,0
电芯温度[258],Cell Temp [258],952,1,0,0,0,0,0,0,1,0.1,-40.0,0,1,30000,0,,125.1,-40.0,℃,0
电芯温度[259],Cell Temp [259],953,1,0,0,0,0,0,0,1,0.1,-40.0,0,1,30000,0,,125.1,-40.0,℃,0
电芯温度[260],Cell Temp [260],954,1,0,0,0,0,0,0,1,0.1,-40.0,0,1,30000,0,,125.1,-40.0,℃,0
电芯温度[261],Cell Temp [261],955,1,0,0,0,0,0,0,1,0.1,-40.0,0,1,30000,0,,125.1,-40.0,℃,0
电芯温度[262],Cell Temp [262],956,1,0,0,0,0,0,0,1,0.1,-40.0,0,1,30000,0,,125.1,-40.0,℃,0
电芯温度[263],Cell Temp [263],957,1,0,0,0,0,0,0,1,0.1,-40.0,0,1,30000,0,,125.1,-40.0,℃,0
电芯温度[264],Cell Temp [264],958,1,0,0,0,0,0,0,1,0.1,-40.0,0,1,30000,0,,125.1,-40.0,℃,0
电芯温度[265],Cell Temp [265],959,1,0,0,0,0,0,0,1,0.1,-40.0,0,1,30000,0,,125.1,-40.0,℃,0
电芯温度[266],Cell Temp [266],960,1,0,0,0,0,0,0,1,0.1,-40.0,0,1,30000,0,,125.1,-40.0,℃,0
电芯温度[267],Cell Temp [267],961,1,0,0,0,0,0,0,1,0.1,-40.0,0,1,30000,0,,125.1,-40.0,℃,0
电芯温度[268],Cell Temp [268],962,1,0,0,0,0,0,0,1,0.1,-40.0,0,1,30000,0,,125.1,-40.0,℃,0
电芯温度[269],Cell Temp [269],963,1,0,0,0,0,0,0,1,0.1,-40.0,0,1,30000,0,,125.1,-40.0,℃,0
电芯温度[270],Cell Temp [270],964,1,0,0,0,0,0,0,1,0.1,-40.0,0,1,30000,0,,125.1,-40.0,℃,0
电芯温度[271],Cell Temp [271],965,1,0,0,0,0,0,0,1,0.1,-40.0,0,1,30000,0,,125.1,-40.0,℃,0
电芯温度[272],Cell Temp [272],966,1,0,0,0,0,0,0,1,0.1,-40.0,0,1,30000,0,,125.1,-40.0,℃,0
电芯温度[273],Cell Temp [273],967,1,0,0,0,0,0,0,1,0.1,-40.0,0,1,30000,0,,125.1,-40.0,℃,0
电芯温度[274],Cell Temp [274],968,1,0,0,0,0,0,0,1,0.1,-40.0,0,1,30000,0,,125.1,-40.0,℃,0
电芯温度[275],Cell Temp [275],969,1,0,0,0,0,0,0,1,0.1,-40.0,0,1,30000,0,,125.1,-40.0,℃,0
电芯温度[276],Cell Temp [276],970,1,0,0,0,0,0,0,1,0.1,-40.0,0,1,30000,0,,125.1,-40.0,℃,0
电芯温度[277],Cell Temp [277],971,1,0,0,0,0,0,0,1,0.1,-40.0,0,1,30000,0,,125.1,-40.0,℃,0
电芯温度[278],Cell Temp [278],972,1,0,0,0,0,0,0,1,0.1,-40.0,0,1,30000,0,,125.1,-40.0,℃,0
电芯温度[279],Cell Temp [279],973,1,0,0,0,0,0,0,1,0.1,-40.0,0,1,30000,0,,125.1,-40.0,℃,0
电芯温度[280],Cell Temp [280],974,1,0,0,0,0,0,0,1,0.1,-40.0,0,1,30000,0,,125.1,-40.0,℃,0
电芯温度[281],Cell Temp [281],975,1,0,0,0,0,0,0,1,0.1,-40.0,0,1,30000,0,,125.1,-40.0,℃,0
电芯温度[282],Cell Temp [282],976,1,0,0,0,0,0,0,1,0.1,-40.0,0,1,30000,0,,125.1,-40.0,℃,0
电芯温度[283],Cell Temp [283],977,1,0,0,0,0,0,0,1,0.1,-40.0,0,1,30000,0,,125.1,-40.0,℃,0
电芯温度[284],Cell Temp [284],978,1,0,0,0,0,0,0,1,0.1,-40.0,0,1,30000,0,,125.1,-40.0,℃,0
电芯温度[285],Cell Temp [285],979,1,0,0,0,0,0,0,1,0.1,-40.0,0,1,30000,0,,125.1,-40.0,℃,0
电芯温度[286],Cell Temp [286],980,1,0,0,0,0,0,0,1,0.1,-40.0,0,1,30000,0,,125.1,-40.0,℃,0
电芯温度[287],Cell Temp [287],981,1,0,0,0,0,0,0,1,0.1,-40.0,0,1,30000,0,,125.1,-40.0,℃,0
电芯温度[288],Cell Temp [288],982,1,0,0,0,0,0,0,1,0.1,-40.0,0,1,30000,0,,125.1,-40.0,℃,0
电芯温度[289],Cell Temp [289],983,1,0,0,0,0,0,0,1,0.1,-40.0,0,1,30000,0,,125.1,-40.0,℃,0
电芯温度[290],Cell Temp [290],984,1,0,0,0,0,0,0,1,0.1,-40.0,0,1,30000,0,,125.1,-40.0,℃,0
电芯温度[291],Cell Temp [291],985,1,0,0,0,0,0,0,1,0.1,-40.0,0,1,30000,0,,125.1,-40.0,℃,0
电芯温度[292],Cell Temp [292],986,1,0,0,0,0,0,0,1,0.1,-40.0,0,1,30000,0,,125.1,-40.0,℃,0
电芯温度[293],Cell Temp [293],987,1,0,0,0,0,0,0,1,0.1,-40.0,0,1,30000,0,,125.1,-40.0,℃,0
电芯温度[294],Cell Temp [294],988,1,0,0,0,0,0,0,1,0.1,-40.0,0,1,30000,0,,125.1,-40.0,℃,0
电芯温度[295],Cell Temp [295],989,1,0,0,0,0,0,0,1,0.1,-40.0,0,1,30000,0,,125.1,-40.0,℃,0
电芯温度[296],Cell Temp [296],990,1,0,0,0,0,0,0,1,0.1,-40.0,0,1,30000,0,,125.1,-40.0,℃,0
电芯温度[297],Cell Temp [297],991,1,0,0,0,0,0,0,1,0.1,-40.0,0,1,30000,0,,125.1,-40.0,℃,0
电芯温度[298],Cell Temp [298],992,1,0,0,0,0,0,0,1,0.1,-40.0,0,1,30000,0,,125.1,-40.0,℃,0
电芯温度[299],Cell Temp [299],993,1,0,0,0,0,0,0,1,0.1,-40.0,0,1,30000,0,,125.1,-40.0,℃,0
电芯温度[300],Cell Temp [300],994,1,0,0,0,0,0,0,1,0.1,-40.0,0,1,30000,0,,125.1,-40.0,℃,0
电芯温度[301],Cell Temp [301],995,1,0,0,0,0,0,0,1,0.1,-40.0,0,1,30000,0,,125.1,-40.0,℃,0
电芯温度[302],Cell Temp [302],996,1,0,0,0,0,0,0,1,0.1,-40.0,0,1,30000,0,,125.1,-40.0,℃,0
电芯温度[303],Cell Temp [303],997,1,0,0,0,0,0,0,1,0.1,-40.0,0,1,30000,0,,125.1,-40.0,℃,0
电芯温度[304],Cell Temp [304],998,1,0,0,0,0,0,0,1,0.1,-40.0,0,1,30000,0,,125.1,-40.0,℃,0
电芯温度[305],Cell Temp [305],999,1,0,0,0,0,0,0,1,0.1,-40.0,0,1,30000,0,,125.1,-40.0,℃,0
电芯温度[306],Cell Temp [306],1000,1,0,0,0,0,0,0,1,0.1,-40.0,0,1,30000,0,,125.1,-40.0,℃,0
电芯温度[307],Cell Temp [307],1001,1,0,0,0,0,0,0,1,0.1,-40.0,0,1,30000,0,,125.1,-40.0,℃,0
电芯温度[308],Cell Temp [308],1002,1,0,0,0,0,0,0,1,0.1,-40.0,0,1,30000,0,,125.1,-40.0,℃,0
电芯温度[309],Cell Temp [309],1003,1,0,0,0,0,0,0,1,0.1,-40.0,0,1,30000,0,,125.1,-40.0,℃,0
电芯温度[310],Cell Temp [310],1004,1,0,0,0,0,0,0,1,0.1,-40.0,0,1,30000,0,,125.1,-40.0,℃,0
电芯温度[311],Cell Temp [311],1005,1,0,0,0,0,0,0,1,0.1,-40.0,0,1,30000,0,,125.1,-40.0,℃,0
电芯温度[312],Cell Temp [312],1006,1,0,0,0,0,0,0,1,0.1,-40.0,0,1,30000,0,,125.1,-40.0,℃,0
电芯温度[313],Cell Temp [313],1007,1,0,0,0,0,0,0,1,0.1,-40.0,0,1,30000,0,,125.1,-40.0,℃,0
电芯温度[314],Cell Temp [314],1008,1,0,0,0,0,0,0,1,0.1,-40.0,0,1,30000,0,,125.1,-40.0,℃,0
电芯温度[315],Cell Temp [315],1009,1,0,0,0,0,0,0,1,0.1,-40.0,0,1,30000,0,,125.1,-40.0,℃,0
电芯温度[316],Cell Temp [316],1010,1,0,0,0,0,0,0,1,0.1,-40.0,0,1,30000,0,,125.1,-40.0,℃,0
电芯温度[317],Cell Temp [317],1011,1,0,0,0,0,0,0,1,0.1,-40.0,0,1,30000,0,,125.1,-40.0,℃,0
电芯温度[318],Cell Temp [318],1012,1,0,0,0,0,0,0,1,0.1,-40.0,0,1,30000,0,,125.1,-40.0,℃,0
电芯温度[319],Cell Temp [319],1013,1,0,0,0,0,0,0,1,0.1,-40.0,0,1,30000,0,,125.1,-40.0,℃,0
电芯温度[320],Cell Temp [320],1014,1,0,0,0,0,0,0,1,0.1,-40.0,0,1,30000,0,,125.1,-40.0,℃,0
电芯温度[321],Cell Temp [321],1015,1,0,0,0,0,0,0,1,0.1,-40.0,0,1,30000,0,,125.1,-40.0,℃,0
电芯温度[322],Cell Temp [322],1016,1,0,0,0,0,0,0,1,0.1,-40.0,0,1,30000,0,,125.1,-40.0,℃,0
电芯温度[323],Cell Temp [323],1017,1,0,0,0,0,0,0,1,0.1,-40.0,0,1,30000,0,,125.1,-40.0,℃,0
电芯温度[324],Cell Temp [324],1018,1,0,0,0,0,0,0,1,0.1,-40.0,0,1,30000,0,,125.1,-40.0,℃,0
电芯温度[325],Cell Temp [325],1019,1,0,0,0,0,0,0,1,0.1,-40.0,0,1,30000,0,,125.1,-40.0,℃,0
电芯温度[326],Cell Temp [326],1020,1,0,0,0,0,0,0,1,0.1,-40.0,0,1,30000,0,,125.1,-40.0,℃,0
电芯温度[327],Cell Temp [327],1021,1,0,0,0,0,0,0,1,0.1,-40.0,0,1,30000,0,,125.1,-40.0,℃,0
电芯温度[328],Cell Temp [328],1022,1,0,0,0,0,0,0,1,0.1,-40.0,0,1,30000,0,,125.1,-40.0,℃,0
电芯温度[329],Cell Temp [329],1023,1,0,0,0,0,0,0,1,0.1,-40.0,0,1,30000,0,,125.1,-40.0,℃,0
电芯温度[330],Cell Temp [330],1024,1,0,0,0,0,0,0,1,0.1,-40.0,0,1,30000,0,,125.1,-40.0,℃,0
电芯温度[331],Cell Temp [331],1025,1,0,0,0,0,0,0,1,0.1,-40.0,0,1,30000,0,,125.1,-40.0,℃,0
电芯温度[332],Cell Temp [332],1026,1,0,0,0,0,0,0,1,0.1,-40.0,0,1,30000,0,,125.1,-40.0,℃,0
电芯温度[333],Cell Temp [333],1027,1,0,0,0,0,0,0,1,0.1,-40.0,0,1,30000,0,,125.1,-40.0,℃,0
电芯温度[334],Cell Temp [334],1028,1,0,0,0,0,0,0,1,0.1,-40.0,0,1,30000,0,,125.1,-40.0,℃,0
电芯温度[335],Cell Temp [335],1029,1,0,0,0,0,0,0,1,0.1,-40.0,0,1,30000,0,,125.1,-40.0,℃,0
电芯温度[336],Cell Temp [336],1030,1,0,0,0,0,0,0,1,0.1,-40.0,0,1,30000,0,,125.1,-40.0,℃,0
电芯温度[337],Cell Temp [337],1031,1,0,0,0,0,0,0,1,0.1,-40.0,0,1,30000,0,,125.1,-40.0,℃,0
电芯温度[338],Cell Temp [338],1032,1,0,0,0,0,0,0,1,0.1,-40.0,0,1,30000,0,,125.1,-40.0,℃,0
电芯温度[339],Cell Temp [339],1033,1,0,0,0,0,0,0,1,0.1,-40.0,0,1,30000,0,,125.1,-40.0,℃,0
电芯温度[340],Cell Temp [340],1034,1,0,0,0,0,0,0,1,0.1,-40.0,0,1,30000,0,,125.1,-40.0,℃,0
电芯温度[341],Cell Temp [341],1035,1,0,0,0,0,0,0,1,0.1,-40.0,0,1,30000,0,,125.1,-40.0,℃,0
电芯温度[342],Cell Temp [342],1036,1,0,0,0,0,0,0,1,0.1,-40.0,0,1,30000,0,,125.1,-40.0,℃,0
电芯温度[343],Cell Temp [343],1037,1,0,0,0,0,0,0,1,0.1,-40.0,0,1,30000,0,,125.1,-40.0,℃,0
电芯温度[344],Cell Temp [344],1038,1,0,0,0,0,0,0,1,0.1,-40.0,0,1,30000,0,,125.1,-40.0,℃,0
电芯温度[345],Cell Temp [345],1039,1,0,0,0,0,0,0,1,0.1,-40.0,0,1,30000,0,,125.1,-40.0,℃,0
电芯温度[346],Cell Temp [346],1040,1,0,0,0,0,0,0,1,0.1,-40.0,0,1,30000,0,,125.1,-40.0,℃,0
电芯温度[347],Cell Temp [347],1041,1,0,0,0,0,0,0,1,0.1,-40.0,0,1,30000,0,,125.1,-40.0,℃,0
电芯温度[348],Cell Temp [348],1042,1,0,0,0,0,0,0,1,0.1,-40.0,0,1,30000,0,,125.1,-40.0,℃,0
电芯温度[349],Cell Temp [349],1043,1,0,0,0,0,0,0,1,0.1,-40.0,0,1,30000,0,,125.1,-40.0,℃,0
电芯温度[350],Cell Temp [350],1044,1,0,0,0,0,0,0,1,0.1,-40.0,0,1,30000,0,,125.1,-40.0,℃,0
电芯温度[351],Cell Temp [351],1045,1,0,0,0,0,0,0,1,0.1,-40.0,0,1,30000,0,,125.1,-40.0,℃,0
电芯温度[352],Cell Temp [352],1046,1,0,0,0,0,0,0,1,0.1,-40.0,0,1,30000,0,,125.1,-40.0,℃,0
电芯温度[353],Cell Temp [353],1047,1,0,0,0,0,0,0,1,0.1,-40.0,0,1,30000,0,,125.1,-40.0,℃,0
电芯温度[354],Cell Temp [354],1048,1,0,0,0,0,0,0,1,0.1,-40.0,0,1,30000,0,,125.1,-40.0,℃,0
电芯温度[355],Cell Temp [355],1049,1,0,0,0,0,0,0,1,0.1,-40.0,0,1,30000,0,,125.1,-40.0,℃,0
电芯温度[356],Cell Temp [356],1050,1,0,0,0,0,0,0,1,0.1,-40.0,0,1,30000,0,,125.1,-40.0,℃,0
电芯温度[357],Cell Temp [357],1051,1,0,0,0,0,0,0,1,0.1,-40.0,0,1,30000,0,,125.1,-40.0,℃,0
电芯温度[358],Cell Temp [358],1052,1,0,0,0,0,0,0,1,0.1,-40.0,0,1,30000,0,,125.1,-40.0,℃,0
电芯温度[359],Cell Temp [359],1053,1,0,0,0,0,0,0,1,0.1,-40.0,0,1,30000,0,,125.1,-40.0,℃,0
电芯温度[360],Cell Temp [360],1054,1,0,0,0,0,0,0,1,0.1,-40.0,0,1,30000,0,,125.1,-40.0,℃,0
电芯温度[361],Cell Temp [361],1055,1,0,0,0,0,0,0,1,0.1,-40.0,0,1,30000,0,,125.1,-40.0,℃,0
电芯温度[362],Cell Temp [362],1056,1,0,0,0,0,0,0,1,0.1,-40.0,0,1,30000,0,,125.1,-40.0,℃,0
电芯温度[363],Cell Temp [363],1057,1,0,0,0,0,0,0,1,0.1,-40.0,0,1,30000,0,,125.1,-40.0,℃,0
电芯温度[364],Cell Temp [364],1058,1,0,0,0,0,0,0,1,0.1,-40.0,0,1,30000,0,,125.1,-40.0,℃,0
电芯温度[365],Cell Temp [365],1059,1,0,0,0,0,0,0,1,0.1,-40.0,0,1,30000,0,,125.1,-40.0,℃,0
电芯温度[366],Cell Temp [366],1060,1,0,0,0,0,0,0,1,0.1,-40.0,0,1,30000,0,,125.1,-40.0,℃,0
电芯温度[367],Cell Temp [367],1061,1,0,0,0,0,0,0,1,0.1,-40.0,0,1,30000,0,,125.1,-40.0,℃,0
电芯温度[368],Cell Temp [368],1062,1,0,0,0,0,0,0,1,0.1,-40.0,0,1,30000,0,,125.1,-40.0,℃,0
电芯温度[369],Cell Temp [369],1063,1,0,0,0,0,0,0,1,0.1,-40.0,0,1,30000,0,,125.1,-40.0,℃,0
电芯温度[370],Cell Temp [370],1064,1,0,0,0,0,0,0,1,0.1,-40.0,0,1,30000,0,,125.1,-40.0,℃,0
电芯温度[371],Cell Temp [371],1065,1,0,0,0,0,0,0,1,0.1,-40.0,0,1,30000,0,,125.1,-40.0,℃,0
电芯温度[372],Cell Temp [372],1066,1,0,0,0,0,0,0,1,0.1,-40.0,0,1,30000,0,,125.1,-40.0,℃,0
电芯温度[373],Cell Temp [373],1067,1,0,0,0,0,0,0,1,0.1,-40.0,0,1,30000,0,,125.1,-40.0,℃,0
电芯温度[374],Cell Temp [374],1068,1,0,0,0,0,0,0,1,0.1,-40.0,0,1,30000,0,,125.1,-40.0,℃,0
电芯温度[375],Cell Temp [375],1069,1,0,0,0,0,0,0,1,0.1,-40.0,0,1,30000,0,,125.1,-40.0,℃,0
电芯温度[376],Cell Temp [376],1070,1,0,0,0,0,0,0,1,0.1,-40.0,0,1,30000,0,,125.1,-40.0,℃,0
电芯温度[377],Cell Temp [377],1071,1,0,0,0,0,0,0,1,0.1,-40.0,0,1,30000,0,,125.1,-40.0,℃,0
电芯温度[378],Cell Temp [378],1072,1,0,0,0,0,0,0,1,0.1,-40.0,0,1,30000,0,,125.1,-40.0,℃,0
电芯温度[379],Cell Temp [379],1073,1,0,0,0,0,0,0,1,0.1,-40.0,0,1,30000,0,,125.1,-40.0,℃,0
电芯温度[380],Cell Temp [380],1074,1,0,0,0,0,0,0,1,0.1,-40.0,0,1,30000,0,,125.1,-40.0,℃,0
电芯温度[381],Cell Temp [381],1075,1,0,0,0,0,0,0,1,0.1,-40.0,0,1,30000,0,,125.1,-40.0,℃,0
电芯温度[382],Cell Temp [382],1076,1,0,0,0,0,0,0,1,0.1,-40.0,0,1,30000,0,,125.1,-40.0,℃,0
电芯温度[383],Cell Temp [383],1077,1,0,0,0,0,0,0,1,0.1,-40.0,0,1,30000,0,,125.1,-40.0,℃,0
电芯温度[384],Cell Temp [384],1078,1,0,0,0,0,0,0,1,0.1,-40.0,0,1,30000,0,,125.1,-40.0,℃,0
电芯温度[385],Cell Temp [385],1079,1,0,0,0,0,0,0,1,0.1,-40.0,0,1,30000,0,,125.1,-40.0,℃,0
电芯温度[386],Cell Temp [386],1080,1,0,0,0,0,0,0,1,0.1,-40.0,0,1,30000,0,,125.1,-40.0,℃,0
电芯温度[387],Cell Temp [387],1081,1,0,0,0,0,0,0,1,0.1,-40.0,0,1,30000,0,,125.1,-40.0,℃,0
电芯温度[388],Cell Temp [388],1082,1,0,0,0,0,0,0,1,0.1,-40.0,0,1,30000,0,,125.1,-40.0,℃,0
电芯温度[389],Cell Temp [389],1083,1,0,0,0,0,0,0,1,0.1,-40.0,0,1,30000,0,,125.1,-40.0,℃,0
电芯温度[390],Cell Temp [390],1084,1,0,0,0,0,0,0,1,0.1,-40.0,0,1,30000,0,,125.1,-40.0,℃,0
电芯温度[391],Cell Temp [391],1085,1,0,0,0,0,0,0,1,0.1,-40.0,0,1,30000,0,,125.1,-40.0,℃,0
电芯温度[392],Cell Temp [392],1086,1,0,0,0,0,0,0,1,0.1,-40.0,0,1,30000,0,,125.1,-40.0,℃,0
电芯温度[393],Cell Temp [393],1087,1,0,0,0,0,0,0,1,0.1,-40.0,0,1,30000,0,,125.1,-40.0,℃,0
电芯温度[394],Cell Temp [394],1088,1,0,0,0,0,0,0,1,0.1,-40.0,0,1,30000,0,,125.1,-40.0,℃,0
电芯温度[395],Cell Temp [395],1089,1,0,0,0,0,0,0,1,0.1,-40.0,0,1,30000,0,,125.1,-40.0,℃,0
电芯温度[396],Cell Temp [396],1090,1,0,0,0,0,0,0,1,0.1,-40.0,0,1,30000,0,,125.1,-40.0,℃,0
电芯温度[397],Cell Temp [397],1091,1,0,0,0,0,0,0,1,0.1,-40.0,0,1,30000,0,,125.1,-40.0,℃,0
电芯温度[398],Cell Temp [398],1092,1,0,0,0,0,0,0,1,0.1,-40.0,0,1,30000,0,,125.1,-40.0,℃,0
电芯温度[399],Cell Temp [399],1093,1,0,0,0,0,0,0,1,0.1,-40.0,0,1,30000,0,,125.1,-40.0,℃,0
电芯温度[400],Cell Temp [400],1094,1,0,0,0,0,0,0,1,0.1,-40.0,0,1,30000,0,,125.1,-40.0,℃,0
电芯温度[401],Cell Temp [401],1095,1,0,0,0,0,0,0,1,0.1,-40.0,0,1,30000,0,,125.1,-40.0,℃,0
电芯温度[402],Cell Temp [402],1096,1,0,0,0,0,0,0,1,0.1,-40.0,0,1,30000,0,,125.1,-40.0,℃,0
电芯温度[403],Cell Temp [403],1097,1,0,0,0,0,0,0,1,0.1,-40.0,0,1,30000,0,,125.1,-40.0,℃,0
电芯温度[404],Cell Temp [404],1098,1,0,0,0,0,0,0,1,0.1,-40.0,0,1,30000,0,,125.1,-40.0,℃,0
电芯温度[405],Cell Temp [405],1099,1,0,0,0,0,0,0,1,0.1,-40.0,0,1,30000,0,,125.1,-40.0,℃,0
电芯温度[406],Cell Temp [406],1100,1,0,0,0,0,0,0,1,0.1,-40.0,0,1,30000,0,,125.1,-40.0,℃,0
电芯温度[407],Cell Temp [407],1101,1,0,0,0,0,0,0,1,0.1,-40.0,0,1,30000,0,,125.1,-40.0,℃,0
电芯温度[408],Cell Temp [408],1102,1,0,0,0,0,0,0,1,0.1,-40.0,0,1,30000,0,,125.1,-40.0,℃,0
电芯温度[409],Cell Temp [409],1103,1,0,0,0,0,0,0,1,0.1,-40.0,0,1,30000,0,,125.1,-40.0,℃,0
电芯温度[410],Cell Temp [410],1104,1,0,0,0,0,0,0,1,0.1,-40.0,0,1,30000,0,,125.1,-40.0,℃,0
电芯温度[411],Cell Temp [411],1105,1,0,0,0,0,0,0,1,0.1,-40.0,0,1,30000,0,,125.1,-40.0,℃,0
电芯温度[412],Cell Temp [412],1106,1,0,0,0,0,0,0,1,0.1,-40.0,0,1,30000,0,,125.1,-40.0,℃,0
电芯温度[413],Cell Temp [413],1107,1,0,0,0,0,0,0,1,0.1,-40.0,0,1,30000,0,,125.1,-40.0,℃,0
电芯温度[414],Cell Temp [414],1108,1,0,0,0,0,0,0,1,0.1,-40.0,0,1,30000,0,,125.1,-40.0,℃,0
电芯温度[415],Cell Temp [415],1109,1,0,0,0,0,0,0,1,0.1,-40.0,0,1,30000,0,,125.1,-40.0,℃,0
极柱温度[0],Pole Temp [0],1110,1,0,0,0,0,0,0,1,0.1,-40.0,0,1,30000,0,,125.1,-40.0,℃,0
极柱温度[1],Pole Temp [1],1111,1,0,0,0,0,0,0,1,0.1,-40.0,0,1,30000,0,,125.1,-40.0,℃,0
极柱温度[2],Pole Temp [2],1112,1,0,0,0,0,0,0,1,0.1,-40.0,0,1,30000,0,,125.1,-40.0,℃,0
极柱温度[3],Pole Temp [3],1113,1,0,0,0,0,0,0,1,0.1,-40.0,0,1,30000,0,,125.1,-40.0,℃,0
极柱温度[4],Pole Temp [4],1114,1,0,0,0,0,0,0,1,0.1,-40.0,0,1,30000,0,,125.1,-40.0,℃,0
极柱温度[5],Pole Temp [5],1115,1,0,0,0,0,0,0,1,0.1,-40.0,0,1,30000,0,,125.1,-40.0,℃,0
极柱温度[6],Pole Temp [6],1116,1,0,0,0,0,0,0,1,0.1,-40.0,0,1,30000,0,,125.1,-40.0,℃,0
极柱温度[7],Pole Temp [7],1117,1,0,0,0,0,0,0,1,0.1,-40.0,0,1,30000,0,,125.1,-40.0,℃,0
极柱温度[8],Pole Temp [8],1118,1,0,0,0,0,0,0,1,0.1,-40.0,0,1,30000,0,,125.1,-40.0,℃,0
极柱温度[9],Pole Temp [9],1119,1,0,0,0,0,0,0,1,0.1,-40.0,0,1,30000,0,,125.1,-40.0,℃,0
极柱温度[10],Pole Temp [10],1120,1,0,0,0,0,0,0,1,0.1,-40.0,0,1,30000,0,,125.1,-40.0,℃,0
极柱温度[11],Pole Temp [11],1121,1,0,0,0,0,0,0,1,0.1,-40.0,0,1,30000,0,,125.1,-40.0,℃,0
极柱温度[12],Pole Temp [12],1122,1,0,0,0,0,0,0,1,0.1,-40.0,0,1,30000,0,,125.1,-40.0,℃,0
极柱温度[13],Pole Temp [13],1123,1,0,0,0,0,0,0,1,0.1,-40.0,0,1,30000,0,,125.1,-40.0,℃,0
极柱温度[14],Pole Temp [14],1124,1,0,0,0,0,0,0,1,0.1,-40.0,0,1,30000,0,,125.1,-40.0,℃,0
极柱温度[15],Pole Temp [15],1125,1,0,0,0,0,0,0,1,0.1,-40.0,0,1,30000,0,,125.1,-40.0,℃,0
极柱温度[16],Pole Temp [16],1126,1,0,0,0,0,0,0,1,0.1,-40.0,0,1,30000,0,,125.1,-40.0,℃,0
极柱温度[17],Pole Temp [17],1127,1,0,0,0,0,0,0,1,0.1,-40.0,0,1,30000,0,,125.1,-40.0,℃,0
极柱温度[18],Pole Temp [18],1128,1,0,0,0,0,0,0,1,0.1,-40.0,0,1,30000,0,,125.1,-40.0,℃,0
极柱温度[19],Pole Temp [19],1129,1,0,0,0,0,0,0,1,0.1,-40.0,0,1,30000,0,,125.1,-40.0,℃,0
极柱温度[20],Pole Temp [20],1130,1,0,0,0,0,0,0,1,0.1,-40.0,0,1,30000,0,,125.1,-40.0,℃,0
极柱温度[21],Pole Temp [21],1131,1,0,0,0,0,0,0,1,0.1,-40.0,0,1,30000,0,,125.1,-40.0,℃,0
极柱温度[22],Pole Temp [22],1132,1,0,0,0,0,0,0,1,0.1,-40.0,0,1,30000,0,,125.1,-40.0,℃,0
极柱温度[23],Pole Temp [23],1133,1,0,0,0,0,0,0,1,0.1,-40.0,0,1,30000,0,,125.1,-40.0,℃,0
极柱温度[24],Pole Temp [24],1134,1,0,0,0,0,0,0,1,0.1,-40.0,0,1,30000,0,,125.1,-40.0,℃,0
极柱温度[25],Pole Temp [25],1135,1,0,0,0,0,0,0,1,0.1,-40.0,0,1,30000,0,,125.1,-40.0,℃,0
极柱温度[26],Pole Temp [26],1136,1,0,0,0,0,0,0,1,0.1,-40.0,0,1,30000,0,,125.1,-40.0,℃,0
极柱温度[27],Pole Temp [27],1137,1,0,0,0,0,0,0,1,0.1,-40.0,0,1,30000,0,,125.1,-40.0,℃,0
极柱温度[28],Pole Temp [28],1138,1,0,0,0,0,0,0,1,0.1,-40.0,0,1,30000,0,,125.1,-40.0,℃,0
极柱温度[29],Pole Temp [29],1139,1,0,0,0,0,0,0,1,0.1,-40.0,0,1,30000,0,,125.1,-40.0,℃,0
极柱温度[30],Pole Temp [30],1140,1,0,0,0,0,0,0,1,0.1,-40.0,0,1,30000,0,,125.1,-40.0,℃,0
极柱温度[31],Pole Temp [31],1141,1,0,0,0,0,0,0,1,0.1,-40.0,0,1,30000,0,,125.1,-40.0,℃,0
极柱温度[32],Pole Temp [32],1142,1,0,0,0,0,0,0,1,0.1,-40.0,0,1,30000,0,,125.1,-40.0,℃,0
极柱温度[33],Pole Temp [33],1143,1,0,0,0,0,0,0,1,0.1,-40.0,0,1,30000,0,,125.1,-40.0,℃,0
极柱温度[34],Pole Temp [34],1144,1,0,0,0,0,0,0,1,0.1,-40.0,0,1,30000,0,,125.1,-40.0,℃,0
极柱温度[35],Pole Temp [35],1145,1,0,0,0,0,0,0,1,0.1,-40.0,0,1,30000,0,,125.1,-40.0,℃,0
极柱温度[36],Pole Temp [36],1146,1,0,0,0,0,0,0,1,0.1,-40.0,0,1,30000,0,,125.1,-40.0,℃,0
极柱温度[37],Pole Temp [37],1147,1,0,0,0,0,0,0,1,0.1,-40.0,0,1,30000,0,,125.1,-40.0,℃,0
极柱温度[38],Pole Temp [38],1148,1,0,0,0,0,0,0,1,0.1,-40.0,0,1,30000,0,,125.1,-40.0,℃,0
极柱温度[39],Pole Temp [39],1149,1,0,0,0,0,0,0,1,0.1,-40.0,0,1,30000,0,,125.1,-40.0,℃,0
极柱温度[40],Pole Temp [40],1150,1,0,0,0,0,0,0,1,0.1,-40.0,0,1,30000,0,,125.1,-40.0,℃,0
极柱温度[41],Pole Temp [41],1151,1,0,0,0,0,0,0,1,0.1,-40.0,0,1,30000,0,,125.1,-40.0,℃,0
极柱温度[42],Pole Temp [42],1152,1,0,0,0,0,0,0,1,0.1,-40.0,0,1,30000,0,,125.1,-40.0,℃,0
极柱温度[43],Pole Temp [43],1153,1,0,0,0,0,0,0,1,0.1,-40.0,0,1,30000,0,,125.1,-40.0,℃,0
极柱温度[44],Pole Temp [44],1154,1,0,0,0,0,0,0,1,0.1,-40.0,0,1,30000,0,,125.1,-40.0,℃,0
极柱温度[45],Pole Temp [45],1155,1,0,0,0,0,0,0,1,0.1,-40.0,0,1,30000,0,,125.1,-40.0,℃,0
极柱温度[46],Pole Temp [46],1156,1,0,0,0,0,0,0,1,0.1,-40.0,0,1,30000,0,,125.1,-40.0,℃,0
极柱温度[47],Pole Temp [47],1157,1,0,0,0,0,0,0,1,0.1,-40.0,0,1,30000,0,,125.1,-40.0,℃,0
极柱温度[48],Pole Temp [48],1158,1,0,0,0,0,0,0,1,0.1,-40.0,0,1,30000,0,,125.1,-40.0,℃,0
极柱温度[49],Pole Temp [49],1159,1,0,0,0,0,0,0,1,0.1,-40.0,0,1,30000,0,,125.1,-40.0,℃,0
极柱温度[50],Pole Temp [50],1160,1,0,0,0,0,0,0,1,0.1,-40.0,0,1,30000,0,,125.1,-40.0,℃,0
极柱温度[51],Pole Temp [51],1161,1,0,0,0,0,0,0,1,0.1,-40.0,0,1,30000,0,,125.1,-40.0,℃,0
极柱温度[52],Pole Temp [52],1162,1,0,0,0,0,0,0,1,0.1,-40.0,0,1,30000,0,,125.1,-40.0,℃,0
极柱温度[53],Pole Temp [53],1163,1,0,0,0,0,0,0,1,0.1,-40.0,0,1,30000,0,,125.1,-40.0,℃,0
极柱温度[54],Pole Temp [54],1164,1,0,0,0,0,0,0,1,0.1,-40.0,0,1,30000,0,,125.1,-40.0,℃,0
极柱温度[55],Pole Temp [55],1165,1,0,0,0,0,0,0,1,0.1,-40.0,0,1,30000,0,,125.1,-40.0,℃,0
极柱温度[56],Pole Temp [56],1166,1,0,0,0,0,0,0,1,0.1,-40.0,0,1,30000,0,,125.1,-40.0,℃,0
极柱温度[57],Pole Temp [57],1167,1,0,0,0,0,0,0,1,0.1,-40.0,0,1,30000,0,,125.1,-40.0,℃,0
极柱温度[58],Pole Temp [58],1168,1,0,0,0,0,0,0,1,0.1,-40.0,0,1,30000,0,,125.1,-40.0,℃,0
极柱温度[59],Pole Temp [59],1169,1,0,0,0,0,0,0,1,0.1,-40.0,0,1,30000,0,,125.1,-40.0,℃,0
极柱温度[60],Pole Temp [60],1170,1,0,0,0,0,0,0,1,0.1,-40.0,0,1,30000,0,,125.1,-40.0,℃,0
极柱温度[61],Pole Temp [61],1171,1,0,0,0,0,0,0,1,0.1,-40.0,0,1,30000,0,,125.1,-40.0,℃,0
极柱温度[62],Pole Temp [62],1172,1,0,0,0,0,0,0,1,0.1,-40.0,0,1,30000,0,,125.1,-40.0,℃,0
极柱温度[63],Pole Temp [63],1173,1,0,0,0,0,0,0,1,0.1,-40.0,0,1,30000,0,,125.1,-40.0,℃,0
极柱温度[64],Pole Temp [64],1174,1,0,0,0,0,0,0,1,0.1,-40.0,0,1,30000,0,,125.1,-40.0,℃,0
极柱温度[65],Pole Temp [65],1175,1,0,0,0,0,0,0,1,0.1,-40.0,0,1,30000,0,,125.1,-40.0,℃,0
极柱温度[66],Pole Temp [66],1176,1,0,0,0,0,0,0,1,0.1,-40.0,0,1,30000,0,,125.1,-40.0,℃,0
极柱温度[67],Pole Temp [67],1177,1,0,0,0,0,0,0,1,0.1,-40.0,0,1,30000,0,,125.1,-40.0,℃,0
极柱温度[68],Pole Temp [68],1178,1,0,0,0,0,0,0,1,0.1,-40.0,0,1,30000,0,,125.1,-40.0,℃,0
极柱温度[69],Pole Temp [69],1179,1,0,0,0,0,0,0,1,0.1,-40.0,0,1,30000,0,,125.1,-40.0,℃,0
极柱温度[70],Pole Temp [70],1180,1,0,0,0,0,0,0,1,0.1,-40.0,0,1,30000,0,,125.1,-40.0,℃,0
极柱温度[71],Pole Temp [71],1181,1,0,0,0,0,0,0,1,0.1,-40.0,0,1,30000,0,,125.1,-40.0,℃,0
极柱温度[72],Pole Temp [72],1182,1,0,0,0,0,0,0,1,0.1,-40.0,0,1,30000,0,,125.1,-40.0,℃,0
极柱温度[73],Pole Temp [73],1183,1,0,0,0,0,0,0,1,0.1,-40.0,0,1,30000,0,,125.1,-40.0,℃,0
极柱温度[74],Pole Temp [74],1184,1,0,0,0,0,0,0,1,0.1,-40.0,0,1,30000,0,,125.1,-40.0,℃,0
极柱温度[75],Pole Temp [75],1185,1,0,0,0,0,0,0,1,0.1,-40.0,0,1,30000,0,,125.1,-40.0,℃,0
极柱温度[76],Pole Temp [76],1186,1,0,0,0,0,0,0,1,0.1,-40.0,0,1,30000,0,,125.1,-40.0,℃,0
极柱温度[77],Pole Temp [77],1187,1,0,0,0,0,0,0,1,0.1,-40.0,0,1,30000,0,,125.1,-40.0,℃,0
极柱温度[78],Pole Temp [78],1188,1,0,0,0,0,0,0,1,0.1,-40.0,0,1,30000,0,,125.1,-40.0,℃,0
极柱温度[79],Pole Temp [79],1189,1,0,0,0,0,0,0,1,0.1,-40.0,0,1,30000,0,,125.1,-40.0,℃,0
极柱温度[80],Pole Temp [80],1190,1,0,0,0,0,0,0,1,0.1,-40.0,0,1,30000,0,,125.1,-40.0,℃,0
极柱温度[81],Pole Temp [81],1191,1,0,0,0,0,0,0,1,0.1,-40.0,0,1,30000,0,,125.1,-40.0,℃,0
极柱温度[82],Pole Temp [82],1192,1,0,0,0,0,0,0,1,0.1,-40.0,0,1,30000,0,,125.1,-40.0,℃,0
极柱温度[83],Pole Temp [83],1193,1,0,0,0,0,0,0,1,0.1,-40.0,0,1,30000,0,,125.1,-40.0,℃,0
极柱温度[84],Pole Temp [84],1194,1,0,0,0,0,0,0,1,0.1,-40.0,0,1,30000,0,,125.1,-40.0,℃,0
极柱温度[85],Pole Temp [85],1195,1,0,0,0,0,0,0,1,0.1,-40.0,0,1,30000,0,,125.1,-40.0,℃,0
极柱温度[86],Pole Temp [86],1196,1,0,0,0,0,0,0,1,0.1,-40.0,0,1,30000,0,,125.1,-40.0,℃,0
极柱温度[87],Pole Temp [87],1197,1,0,0,0,0,0,0,1,0.1,-40.0,0,1,30000,0,,125.1,-40.0,℃,0
极柱温度[88],Pole Temp [88],1198,1,0,0,0,0,0,0,1,0.1,-40.0,0,1,30000,0,,125.1,-40.0,℃,0
极柱温度[89],Pole Temp [89],1199,1,0,0,0,0,0,0,1,0.1,-40.0,0,1,30000,0,,125.1,-40.0,℃,0
极柱温度[90],Pole Temp [90],1200,1,0,0,0,0,0,0,1,0.1,-40.0,0,1,30000,0,,125.1,-40.0,℃,0
极柱温度[91],Pole Temp [91],1201,1,0,0,0,0,0,0,1,0.1,-40.0,0,1,30000,0,,125.1,-40.0,℃,0
极柱温度[92],Pole Temp [92],1202,1,0,0,0,0,0,0,1,0.1,-40.0,0,1,30000,0,,125.1,-40.0,℃,0
极柱温度[93],Pole Temp [93],1203,1,0,0,0,0,0,0,1,0.1,-40.0,0,1,30000,0,,125.1,-40.0,℃,0
极柱温度[94],Pole Temp [94],1204,1,0,0,0,0,0,0,1,0.1,-40.0,0,1,30000,0,,125.1,-40.0,℃,0
极柱温度[95],Pole Temp [95],1205,1,0,0,0,0,0,0,1,0.1,-40.0,0,1,30000,0,,125.1,-40.0,℃,0
极柱温度[96],Pole Temp [96],1206,1,0,0,0,0,0,0,1,0.1,-40.0,0,1,30000,0,,125.1,-40.0,℃,0
极柱温度[97],Pole Temp [97],1207,1,0,0,0,0,0,0,1,0.1,-40.0,0,1,30000,0,,125.1,-40.0,℃,0
极柱温度[98],Pole Temp [98],1208,1,0,0,0,0,0,0,1,0.1,-40.0,0,1,30000,0,,125.1,-40.0,℃,0
极柱温度[99],Pole Temp [99],1209,1,0,0,0,0,0,0,1,0.1,-40.0,0,1,30000,0,,125.1,-40.0,℃,0
极柱温度[100],Pole Temp [100],1210,1,0,0,0,0,0,0,1,0.1,-40.0,0,1,30000,0,,125.1,-40.0,℃,0
极柱温度[101],Pole Temp [101],1211,1,0,0,0,0,0,0,1,0.1,-40.0,0,1,30000,0,,125.1,-40.0,℃,0
极柱温度[102],Pole Temp [102],1212,1,0,0,0,0,0,0,1,0.1,-40.0,0,1,30000,0,,125.1,-40.0,℃,0
极柱温度[103],Pole Temp [103],1213,1,0,0,0,0,0,0,1,0.1,-40.0,0,1,30000,0,,125.1,-40.0,℃,0
极柱温度[104],Pole Temp [104],1214,1,0,0,0,0,0,0,1,0.1,-40.0,0,1,30000,0,,125.1,-40.0,℃,0
极柱温度[105],Pole Temp [105],1215,1,0,0,0,0,0,0,1,0.1,-40.0,0,1,30000,0,,125.1,-40.0,℃,0
极柱温度[106],Pole Temp [106],1216,1,0,0,0,0,0,0,1,0.1,-40.0,0,1,30000,0,,125.1,-40.0,℃,0
极柱温度[107],Pole Temp [107],1217,1,0,0,0,0,0,0,1,0.1,-40.0,0,1,30000,0,,125.1,-40.0,℃,0
极柱温度[108],Pole Temp [108],1218,1,0,0,0,0,0,0,1,0.1,-40.0,0,1,30000,0,,125.1,-40.0,℃,0
极柱温度[109],Pole Temp [109],1219,1,0,0,0,0,0,0,1,0.1,-40.0,0,1,30000,0,,125.1,-40.0,℃,0
极柱温度[110],Pole Temp [110],1220,1,0,0,0,0,0,0,1,0.1,-40.0,0,1,30000,0,,125.1,-40.0,℃,0
极柱温度[111],Pole Temp [111],1221,1,0,0,0,0,0,0,1,0.1,-40.0,0,1,30000,0,,125.1,-40.0,℃,0
极柱温度[112],Pole Temp [112],1222,1,0,0,0,0,0,0,1,0.1,-40.0,0,1,30000,0,,125.1,-40.0,℃,0
极柱温度[113],Pole Temp [113],1223,1,0,0,0,0,0,0,1,0.1,-40.0,0,1,30000,0,,125.1,-40.0,℃,0
极柱温度[114],Pole Temp [114],1224,1,0,0,0,0,0,0,1,0.1,-40.0,0,1,30000,0,,125.1,-40.0,℃,0
极柱温度[115],Pole Temp [115],1225,1,0,0,0,0,0,0,1,0.1,-40.0,0,1,30000,0,,125.1,-40.0,℃,0
极柱温度[116],Pole Temp [116],1226,1,0,0,0,0,0,0,1,0.1,-40.0,0,1,30000,0,,125.1,-40.0,℃,0
极柱温度[117],Pole Temp [117],1227,1,0,0,0,0,0,0,1,0.1,-40.0,0,1,30000,0,,125.1,-40.0,℃,0
极柱温度[118],Pole Temp [118],1228,1,0,0,0,0,0,0,1,0.1,-40.0,0,1,30000,0,,125.1,-40.0,℃,0
极柱温度[119],Pole Temp [119],1229,1,0,0,0,0,0,0,1,0.1,-40.0,0,1,30000,0,,125.1,-40.0,℃,0
极柱温度[120],Pole Temp [120],1230,1,0,0,0,0,0,0,1,0.1,-40.0,0,1,30000,0,,125.1,-40.0,℃,0
极柱温度[121],Pole Temp [121],1231,1,0,0,0,0,0,0,1,0.1,-40.0,0,1,30000,0,,125.1,-40.0,℃,0
极柱温度[122],Pole Temp [122],1232,1,0,0,0,0,0,0,1,0.1,-40.0,0,1,30000,0,,125.1,-40.0,℃,0
极柱温度[123],Pole Temp [123],1233,1,0,0,0,0,0,0,1,0.1,-40.0,0,1,30000,0,,125.1,-40.0,℃,0
极柱温度[124],Pole Temp [124],1234,1,0,0,0,0,0,0,1,0.1,-40.0,0,1,30000,0,,125.1,-40.0,℃,0
极柱温度[125],Pole Temp [125],1235,1,0,0,0,0,0,0,1,0.1,-40.0,0,1,30000,0,,125.1,-40.0,℃,0
极柱温度[126],Pole Temp [126],1236,1,0,0,0,0,0,0,1,0.1,-40.0,0,1,30000,0,,125.1,-40.0,℃,0
极柱温度[127],Pole Temp [127],1237,1,0,0,0,0,0,0,1,0.1,-40.0,0,1,30000,0,,125.1,-40.0,℃,0
Pack正负极连接件温度[0],Pack +/- Connector Temp [0],1238,1,0,0,0,0,0,0,1,0.1,-40.0,0,1,30000,0,,125.1,-40.0,℃,0
Pack正负极连接件温度[1],Pack +/- Connector Temp [1],1239,1,0,0,0,0,0,0,1,0.1,-40.0,0,1,30000,0,,125.1,-40.0,℃,0
Pack正负极连接件温度[2],Pack +/- Connector Temp [2],1240,1,0,0,0,0,0,0,1,0.1,-40.0,0,1,30000,0,,125.1,-40.0,℃,0
Pack正负极连接件温度[3],Pack +/- Connector Temp [3],1241,1,0,0,0,0,0,0,1,0.1,-40.0,0,1,30000,0,,125.1,-40.0,℃,0
Pack正负极连接件温度[4],Pack +/- Connector Temp [4],1242,1,0,0,0,0,0,0,1,0.1,-40.0,0,1,30000,0,,125.1,-40.0,℃,0
Pack正负极连接件温度[5],Pack +/- Connector Temp [5],1243,1,0,0,0,0,0,0,1,0.1,-40.0,0,1,30000,0,,125.1,-40.0,℃,0
Pack正负极连接件温度[6],Pack +/- Connector Temp [6],1244,1,0,0,0,0,0,0,1,0.1,-40.0,0,1,30000,0,,125.1,-40.0,℃,0
Pack正负极连接件温度[7],Pack +/- Connector Temp [7],1245,1,0,0,0,0,0,0,1,0.1,-40.0,0,1,30000,0,,125.1,-40.0,℃,0
Pack正负极连接件温度[8],Pack +/- Connector Temp [8],1246,1,0,0,0,0,0,0,1,0.1,-40.0,0,1,30000,0,,125.1,-40.0,℃,0
Pack正负极连接件温度[9],Pack +/- Connector Temp [9],1247,1,0,0,0,0,0,0,1,0.1,-40.0,0,1,30000,0,,125.1,-40.0,℃,0
Pack正负极连接件温度[10],Pack +/- Connector Temp [10],1248,1,0,0,0,0,0,0,1,0.1,-40.0,0,1,30000,0,,125.1,-40.0,℃,0
Pack正负极连接件温度[11],Pack +/- Connector Temp [11],1249,1,0,0,0,0,0,0,1,0.1,-40.0,0,1,30000,0,,125.1,-40.0,℃,0
Pack正负极连接件温度[12],Pack +/- Connector Temp [12],1250,1,0,0,0,0,0,0,1,0.1,-40.0,0,1,30000,0,,125.1,-40.0,℃,0
Pack正负极连接件温度[13],Pack +/- Connector Temp [13],1251,1,0,0,0,0,0,0,1,0.1,-40.0,0,1,30000,0,,125.1,-40.0,℃,0
Pack正负极连接件温度[14],Pack +/- Connector Temp [14],1252,1,0,0,0,0,0,0,1,0.1,-40.0,0,1,30000,0,,125.1,-40.0,℃,0
Pack正负极连接件温度[15],Pack +/- Connector Temp [15],1253,1,0,0,0,0,0,0,1,0.1,-40.0,0,1,30000,0,,125.1,-40.0,℃,0
均衡板温有效性[0],Balancing Board Temp Validity [0],1254,1,0,0,0,0,0,0,0,1.0,0.0,0,1,30000,0,,255.0,0.0,flg,0
均衡板温有效性[1],Balancing Board Temp Validity [1],1255,1,0,0,0,0,0,0,0,1.0,0.0,0,1,30000,0,,255.0,0.0,flg,0
均衡板温有效性[2],Balancing Board Temp Validity [2],1256,1,0,0,0,0,0,0,0,1.0,0.0,0,1,30000,0,,255.0,0.0,flg,0
均衡板温有效性[3],Balancing Board Temp Validity [3],1257,1,0,0,0,0,0,0,0,1.0,0.0,0,1,30000,0,,255.0,0.0,flg,0
均衡板温[0],Balancing Board Temp [0],1258,1,0,0,0,0,0,0,1,0.1,-40.0,0,1,30000,0,,125.1,-40.0,℃,0
均衡板温[1],Balancing Board Temp [1],1259,1,0,0,0,0,0,0,1,0.1,-40.0,0,1,30000,0,,125.1,-40.0,℃,0
均衡板温[2],Balancing Board Temp [2],1260,1,0,0,0,0,0,0,1,0.1,-40.0,0,1,30000,0,,125.1,-40.0,℃,0
均衡板温[3],Balancing Board Temp [3],1261,1,0,0,0,0,0,0,1,0.1,-40.0,0,1,30000,0,,125.1,-40.0,℃,0
均衡板温[4],Balancing Board Temp [4],1262,1,0,0,0,0,0,0,1,0.1,-40.0,0,1,30000,0,,125.1,-40.0,℃,0
均衡板温[5],Balancing Board Temp [5],1263,1,0,0,0,0,0,0,1,0.1,-40.0,0,1,30000,0,,125.1,-40.0,℃,0
均衡板温[6],Balancing Board Temp [6],1264,1,0,0,0,0,0,0,1,0.1,-40.0,0,1,30000,0,,125.1,-40.0,℃,0
均衡板温[7],Balancing Board Temp [7],1265,1,0,0,0,0,0,0,1,0.1,-40.0,0,1,30000,0,,125.1,-40.0,℃,0
均衡板温[8],Balancing Board Temp [8],1266,1,0,0,0,0,0,0,1,0.1,-40.0,0,1,30000,0,,125.1,-40.0,℃,0
均衡板温[9],Balancing Board Temp [9],1267,1,0,0,0,0,0,0,1,0.1,-40.0,0,1,30000,0,,125.1,-40.0,℃,0
均衡板温[10],Balancing Board Temp [10],1268,1,0,0,0,0,0,0,1,0.1,-40.0,0,1,30000,0,,125.1,-40.0,℃,0
均衡板温[11],Balancing Board Temp [11],1269,1,0,0,0,0,0,0,1,0.1,-40.0,0,1,30000,0,,125.1,-40.0,℃,0
均衡板温[12],Balancing Board Temp [12],1270,1,0,0,0,0,0,0,1,0.1,-40.0,0,1,30000,0,,125.1,-40.0,℃,0
均衡板温[13],Balancing Board Temp [13],1271,1,0,0,0,0,0,0,1,0.1,-40.0,0,1,30000,0,,125.1,-40.0,℃,0
均衡板温[14],Balancing Board Temp [14],1272,1,0,0,0,0,0,0,1,0.1,-40.0,0,1,30000,0,,125.1,-40.0,℃,0
均衡板温[15],Balancing Board Temp [15],1273,1,0,0,0,0,0,0,1,0.1,-40.0,0,1,30000,0,,125.1,-40.0,℃,0
均衡板温[16],Balancing Board Temp [16],1274,1,0,0,0,0,0,0,1,0.1,-40.0,0,1,30000,0,,125.1,-40.0,℃,0
均衡板温[17],Balancing Board Temp [17],1275,1,0,0,0,0,0,0,1,0.1,-40.0,0,1,30000,0,,125.1,-40.0,℃,0
均衡板温[18],Balancing Board Temp [18],1276,1,0,0,0,0,0,0,1,0.1,-40.0,0,1,30000,0,,125.1,-40.0,℃,0
均衡板温[19],Balancing Board Temp [19],1277,1,0,0,0,0,0,0,1,0.1,-40.0,0,1,30000,0,,125.1,-40.0,℃,0
均衡板温[20],Balancing Board Temp [20],1278,1,0,0,0,0,0,0,1,0.1,-40.0,0,1,30000,0,,125.1,-40.0,℃,0
均衡板温[21],Balancing Board Temp [21],1279,1,0,0,0,0,0,0,1,0.1,-40.0,0,1,30000,0,,125.1,-40.0,℃,0
均衡板温[22],Balancing Board Temp [22],1280,1,0,0,0,0,0,0,1,0.1,-40.0,0,1,30000,0,,125.1,-40.0,℃,0
均衡板温[23],Balancing Board Temp [23],1281,1,0,0,0,0,0,0,1,0.1,-40.0,0,1,30000,0,,125.1,-40.0,℃,0
均衡板温[24],Balancing Board Temp [24],1282,1,0,0,0,0,0,0,1,0.1,-40.0,0,1,30000,0,,125.1,-40.0,℃,0
均衡板温[25],Balancing Board Temp [25],1283,1,0,0,0,0,0,0,1,0.1,-40.0,0,1,30000,0,,125.1,-40.0,℃,0
均衡板温[26],Balancing Board Temp [26],1284,1,0,0,0,0,0,0,1,0.1,-40.0,0,1,30000,0,,125.1,-40.0,℃,0
均衡板温[27],Balancing Board Temp [27],1285,1,0,0,0,0,0,0,1,0.1,-40.0,0,1,30000,0,,125.1,-40.0,℃,0
均衡板温[28],Balancing Board Temp [28],1286,1,0,0,0,0,0,0,1,0.1,-40.0,0,1,30000,0,,125.1,-40.0,℃,0
均衡板温[29],Balancing Board Temp [29],1287,1,0,0,0,0,0,0,1,0.1,-40.0,0,1,30000,0,,125.1,-40.0,℃,0
均衡板温[30],Balancing Board Temp [30],1288,1,0,0,0,0,0,0,1,0.1,-40.0,0,1,30000,0,,125.1,-40.0,℃,0
均衡板温[31],Balancing Board Temp [31],1289,1,0,0,0,0,0,0,1,0.1,-40.0,0,1,30000,0,,125.1,-40.0,℃,0
电芯均衡状态[0],Cell Balancing Status [0],1290,1,0,0,0,0,0,0,0,1.0,0.0,0,1,30000,0,,255.0,0.0,,0
电芯均衡状态[1],Cell Balancing Status [1],1291,1,0,0,0,0,0,0,0,1.0,0.0,0,1,30000,0,,255.0,0.0,,0
电芯均衡状态[2],Cell Balancing Status [2],1292,1,0,0,0,0,0,0,0,1.0,0.0,0,1,30000,0,,255.0,0.0,,0
电芯均衡状态[3],Cell Balancing Status [3],1293,1,0,0,0,0,0,0,0,1.0,0.0,0,1,30000,0,,255.0,0.0,,0
电芯均衡状态[4],Cell Balancing Status [4],1294,1,0,0,0,0,0,0,0,1.0,0.0,0,1,30000,0,,255.0,0.0,,0
电芯均衡状态[5],Cell Balancing Status [5],1295,1,0,0,0,0,0,0,0,1.0,0.0,0,1,30000,0,,255.0,0.0,,0
电芯均衡状态[6],Cell Balancing Status [6],1296,1,0,0,0,0,0,0,0,1.0,0.0,0,1,30000,0,,255.0,0.0,,0
电芯均衡状态[7],Cell Balancing Status [7],1297,1,0,0,0,0,0,0,0,1.0,0.0,0,1,30000,0,,255.0,0.0,,0
电芯均衡状态[8],Cell Balancing Status [8],1298,1,0,0,0,0,0,0,0,1.0,0.0,0,1,30000,0,,255.0,0.0,,0
电芯均衡状态[9],Cell Balancing Status [9],1299,1,0,0,0,0,0,0,0,1.0,0.0,0,1,30000,0,,255.0,0.0,,0
电芯均衡状态[10],Cell Balancing Status [10],1300,1,0,0,0,0,0,0,0,1.0,0.0,0,1,30000,0,,255.0,0.0,,0
电芯均衡状态[11],Cell Balancing Status [11],1301,1,0,0,0,0,0,0,0,1.0,0.0,0,1,30000,0,,255.0,0.0,,0
电芯均衡状态[12],Cell Balancing Status [12],1302,1,0,0,0,0,0,0,0,1.0,0.0,0,1,30000,0,,255.0,0.0,,0
电芯均衡状态[13],Cell Balancing Status [13],1303,1,0,0,0,0,0,0,0,1.0,0.0,0,1,30000,0,,255.0,0.0,,0
电芯均衡状态[14],Cell Balancing Status [14],1304,1,0,0,0,0,0,0,0,1.0,0.0,0,1,30000,0,,255.0,0.0,,0
电芯均衡状态[15],Cell Balancing Status [15],1305,1,0,0,0,0,0,0,0,1.0,0.0,0,1,30000,0,,255.0,0.0,,0
电芯均衡状态[16],Cell Balancing Status [16],1306,1,0,0,0,0,0,0,0,1.0,0.0,0,1,30000,0,,255.0,0.0,,0
电芯均衡状态[17],Cell Balancing Status [17],1307,1,0,0,0,0,0,0,0,1.0,0.0,0,1,30000,0,,255.0,0.0,,0
电芯均衡状态[18],Cell Balancing Status [18],1308,1,0,0,0,0,0,0,0,1.0,0.0,0,1,30000,0,,255.0,0.0,,0
电芯均衡状态[19],Cell Balancing Status [19],1309,1,0,0,0,0,0,0,0,1.0,0.0,0,1,30000,0,,255.0,0.0,,0
电芯均衡状态[20],Cell Balancing Status [20],1310,1,0,0,0,0,0,0,0,1.0,0.0,0,1,30000,0,,255.0,0.0,,0
电芯均衡状态[21],Cell Balancing Status [21],1311,1,0,0,0,0,0,0,0,1.0,0.0,0,1,30000,0,,255.0,0.0,,0
电芯均衡状态[22],Cell Balancing Status [22],1312,1,0,0,0,0,0,0,0,1.0,0.0,0,1,30000,0,,255.0,0.0,,0
电芯均衡状态[23],Cell Balancing Status [23],1313,1,0,0,0,0,0,0,0,1.0,0.0,0,1,30000,0,,255.0,0.0,,0
电芯均衡状态[24],Cell Balancing Status [24],1314,1,0,0,0,0,0,0,0,1.0,0.0,0,1,30000,0,,255.0,0.0,,0
电芯均衡状态[25],Cell Balancing Status [25],1315,1,0,0,0,0,0,0,0,1.0,0.0,0,1,30000,0,,255.0,0.0,,0
电芯均衡状态[26],Cell Balancing Status [26],1316,1,0,0,0,0,0,0,0,1.0,0.0,0,1,30000,0,,255.0,0.0,,0
电芯均衡状态[27],Cell Balancing Status [27],1317,1,0,0,0,0,0,0,0,1.0,0.0,0,1,30000,0,,255.0,0.0,,0
电芯均衡状态[28],Cell Balancing Status [28],1318,1,0,0,0,0,0,0,0,1.0,0.0,0,1,30000,0,,255.0,0.0,,0
电芯均衡状态[29],Cell Balancing Status [29],1319,1,0,0,0,0,0,0,0,1.0,0.0,0,1,30000,0,,255.0,0.0,,0
电芯均衡状态[30],Cell Balancing Status [30],1320,1,0,0,0,0,0,0,0,1.0,0.0,0,1,30000,0,,255.0,0.0,,0
电芯均衡状态[31],Cell Balancing Status [31],1321,1,0,0,0,0,0,0,0,1.0,0.0,0,1,30000,0,,255.0,0.0,,0
电芯均衡状态[32],Cell Balancing Status [32],1322,1,0,0,0,0,0,0,0,1.0,0.0,0,1,30000,0,,255.0,0.0,,0
电芯均衡状态[33],Cell Balancing Status [33],1323,1,0,0,0,0,0,0,0,1.0,0.0,0,1,30000,0,,255.0,0.0,,0
电芯均衡状态[34],Cell Balancing Status [34],1324,1,0,0,0,0,0,0,0,1.0,0.0,0,1,30000,0,,255.0,0.0,,0
电芯均衡状态[35],Cell Balancing Status [35],1325,1,0,0,0,0,0,0,0,1.0,0.0,0,1,30000,0,,255.0,0.0,,0
电芯均衡状态[36],Cell Balancing Status [36],1326,1,0,0,0,0,0,0,0,1.0,0.0,0,1,30000,0,,255.0,0.0,,0
电芯均衡状态[37],Cell Balancing Status [37],1327,1,0,0,0,0,0,0,0,1.0,0.0,0,1,30000,0,,255.0,0.0,,0
电芯均衡状态[38],Cell Balancing Status [38],1328,1,0,0,0,0,0,0,0,1.0,0.0,0,1,30000,0,,255.0,0.0,,0
电芯均衡状态[39],Cell Balancing Status [39],1329,1,0,0,0,0,0,0,0,1.0,0.0,0,1,30000,0,,255.0,0.0,,0
电芯均衡状态[40],Cell Balancing Status [40],1330,1,0,0,0,0,0,0,0,1.0,0.0,0,1,30000,0,,255.0,0.0,,0
电芯均衡状态[41],Cell Balancing Status [41],1331,1,0,0,0,0,0,0,0,1.0,0.0,0,1,30000,0,,255.0,0.0,,0
电芯均衡状态[42],Cell Balancing Status [42],1332,1,0,0,0,0,0,0,0,1.0,0.0,0,1,30000,0,,255.0,0.0,,0
电芯均衡状态[43],Cell Balancing Status [43],1333,1,0,0,0,0,0,0,0,1.0,0.0,0,1,30000,0,,255.0,0.0,,0
电芯均衡状态[44],Cell Balancing Status [44],1334,1,0,0,0,0,0,0,0,1.0,0.0,0,1,30000,0,,255.0,0.0,,0
电芯均衡状态[45],Cell Balancing Status [45],1335,1,0,0,0,0,0,0,0,1.0,0.0,0,1,30000,0,,255.0,0.0,,0
电芯均衡状态[46],Cell Balancing Status [46],1336,1,0,0,0,0,0,0,0,1.0,0.0,0,1,30000,0,,255.0,0.0,,0
电芯均衡状态[47],Cell Balancing Status [47],1337,1,0,0,0,0,0,0,0,1.0,0.0,0,1,30000,0,,255.0,0.0,,0
电芯均衡状态[48],Cell Balancing Status [48],1338,1,0,0,0,0,0,0,0,1.0,0.0,0,1,30000,0,,255.0,0.0,,0
电芯均衡状态[49],Cell Balancing Status [49],1339,1,0,0,0,0,0,0,0,1.0,0.0,0,1,30000,0,,255.0,0.0,,0
电芯均衡状态[50],Cell Balancing Status [50],1340,1,0,0,0,0,0,0,0,1.0,0.0,0,1,30000,0,,255.0,0.0,,0
电芯均衡状态[51],Cell Balancing Status [51],1341,1,0,0,0,0,0,0,0,1.0,0.0,0,1,30000,0,,255.0,0.0,,0
电芯自放电率[0],Cell Self Discharge Rate [0],1342,1,0,0,0,0,0,0,1,0.5,0.0,0,1,30000,0,,127.5,0.0,%/month,0
电芯自放电率[1],Cell Self Discharge Rate [1],1343,1,0,0,0,0,0,0,1,0.5,0.0,0,1,30000,0,,127.5,0.0,%/month,0
电芯自放电率[2],Cell Self Discharge Rate [2],1344,1,0,0,0,0,0,0,1,0.5,0.0,0,1,30000,0,,127.5,0.0,%/month,0
电芯自放电率[3],Cell Self Discharge Rate [3],1345,1,0,0,0,0,0,0,1,0.5,0.0,0,1,30000,0,,127.5,0.0,%/month,0
电芯自放电率[4],Cell Self Discharge Rate [4],1346,1,0,0,0,0,0,0,1,0.5,0.0,0,1,30000,0,,127.5,0.0,%/month,0
电芯自放电率[5],Cell Self Discharge Rate [5],1347,1,0,0,0,0,0,0,1,0.5,0.0,0,1,30000,0,,127.5,0.0,%/month,0
电芯自放电率[6],Cell Self Discharge Rate [6],1348,1,0,0,0,0,0,0,1,0.5,0.0,0,1,30000,0,,127.5,0.0,%/month,0
电芯自放电率[7],Cell Self Discharge Rate [7],1349,1,0,0,0,0,0,0,1,0.5,0.0,0,1,30000,0,,127.5,0.0,%/month,0
电芯自放电率[8],Cell Self Discharge Rate [8],1350,1,0,0,0,0,0,0,1,0.5,0.0,0,1,30000,0,,127.5,0.0,%/month,0
电芯自放电率[9],Cell Self Discharge Rate [9],1351,1,0,0,0,0,0,0,1,0.5,0.0,0,1,30000,0,,127.5,0.0,%/month,0
电芯自放电率[10],Cell Self Discharge Rate [10],1352,1,0,0,0,0,0,0,1,0.5,0.0,0,1,30000,0,,127.5,0.0,%/month,0
电芯自放电率[11],Cell Self Discharge Rate [11],1353,1,0,0,0,0,0,0,1,0.5,0.0,0,1,30000,0,,127.5,0.0,%/month,0
电芯自放电率[12],Cell Self Discharge Rate [12],1354,1,0,0,0,0,0,0,1,0.5,0.0,0,1,30000,0,,127.5,0.0,%/month,0
电芯自放电率[13],Cell Self Discharge Rate [13],1355,1,0,0,0,0,0,0,1,0.5,0.0,0,1,30000,0,,127.5,0.0,%/month,0
电芯自放电率[14],Cell Self Discharge Rate [14],1356,1,0,0,0,0,0,0,1,0.5,0.0,0,1,30000,0,,127.5,0.0,%/month,0
电芯自放电率[15],Cell Self Discharge Rate [15],1357,1,0,0,0,0,0,0,1,0.5,0.0,0,1,30000,0,,127.5,0.0,%/month,0
电芯自放电率[16],Cell Self Discharge Rate [16],1358,1,0,0,0,0,0,0,1,0.5,0.0,0,1,30000,0,,127.5,0.0,%/month,0
电芯自放电率[17],Cell Self Discharge Rate [17],1359,1,0,0,0,0,0,0,1,0.5,0.0,0,1,30000,0,,127.5,0.0,%/month,0
电芯自放电率[18],Cell Self Discharge Rate [18],1360,1,0,0,0,0,0,0,1,0.5,0.0,0,1,30000,0,,127.5,0.0,%/month,0
电芯自放电率[19],Cell Self Discharge Rate [19],1361,1,0,0,0,0,0,0,1,0.5,0.0,0,1,30000,0,,127.5,0.0,%/month,0
电芯自放电率[20],Cell Self Discharge Rate [20],1362,1,0,0,0,0,0,0,1,0.5,0.0,0,1,30000,0,,127.5,0.0,%/month,0
电芯自放电率[21],Cell Self Discharge Rate [21],1363,1,0,0,0,0,0,0,1,0.5,0.0,0,1,30000,0,,127.5,0.0,%/month,0
电芯自放电率[22],Cell Self Discharge Rate [22],1364,1,0,0,0,0,0,0,1,0.5,0.0,0,1,30000,0,,127.5,0.0,%/month,0
电芯自放电率[23],Cell Self Discharge Rate [23],1365,1,0,0,0,0,0,0,1,0.5,0.0,0,1,30000,0,,127.5,0.0,%/month,0
电芯自放电率[24],Cell Self Discharge Rate [24],1366,1,0,0,0,0,0,0,1,0.5,0.0,0,1,30000,0,,127.5,0.0,%/month,0
电芯自放电率[25],Cell Self Discharge Rate [25],1367,1,0,0,0,0,0,0,1,0.5,0.0,0,1,30000,0,,127.5,0.0,%/month,0
电芯自放电率[26],Cell Self Discharge Rate [26],1368,1,0,0,0,0,0,0,1,0.5,0.0,0,1,30000,0,,127.5,0.0,%/month,0
电芯自放电率[27],Cell Self Discharge Rate [27],1369,1,0,0,0,0,0,0,1,0.5,0.0,0,1,30000,0,,127.5,0.0,%/month,0
电芯自放电率[28],Cell Self Discharge Rate [28],1370,1,0,0,0,0,0,0,1,0.5,0.0,0,1,30000,0,,127.5,0.0,%/month,0
电芯自放电率[29],Cell Self Discharge Rate [29],1371,1,0,0,0,0,0,0,1,0.5,0.0,0,1,30000,0,,127.5,0.0,%/month,0
电芯自放电率[30],Cell Self Discharge Rate [30],1372,1,0,0,0,0,0,0,1,0.5,0.0,0,1,30000,0,,127.5,0.0,%/month,0
电芯自放电率[31],Cell Self Discharge Rate [31],1373,1,0,0,0,0,0,0,1,0.5,0.0,0,1,30000,0,,127.5,0.0,%/month,0
电芯自放电率[32],Cell Self Discharge Rate [32],1374,1,0,0,0,0,0,0,1,0.5,0.0,0,1,30000,0,,127.5,0.0,%/month,0
电芯自放电率[33],Cell Self Discharge Rate [33],1375,1,0,0,0,0,0,0,1,0.5,0.0,0,1,30000,0,,127.5,0.0,%/month,0
电芯自放电率[34],Cell Self Discharge Rate [34],1376,1,0,0,0,0,0,0,1,0.5,0.0,0,1,30000,0,,127.5,0.0,%/month,0
电芯自放电率[35],Cell Self Discharge Rate [35],1377,1,0,0,0,0,0,0,1,0.5,0.0,0,1,30000,0,,127.5,0.0,%/month,0
电芯自放电率[36],Cell Self Discharge Rate [36],1378,1,0,0,0,0,0,0,1,0.5,0.0,0,1,30000,0,,127.5,0.0,%/month,0
电芯自放电率[37],Cell Self Discharge Rate [37],1379,1,0,0,0,0,0,0,1,0.5,0.0,0,1,30000,0,,127.5,0.0,%/month,0
电芯自放电率[38],Cell Self Discharge Rate [38],1380,1,0,0,0,0,0,0,1,0.5,0.0,0,1,30000,0,,127.5,0.0,%/month,0
电芯自放电率[39],Cell Self Discharge Rate [39],1381,1,0,0,0,0,0,0,1,0.5,0.0,0,1,30000,0,,127.5,0.0,%/month,0
电芯自放电率[40],Cell Self Discharge Rate [40],1382,1,0,0,0,0,0,0,1,0.5,0.0,0,1,30000,0,,127.5,0.0,%/month,0
电芯自放电率[41],Cell Self Discharge Rate [41],1383,1,0,0,0,0,0,0,1,0.5,0.0,0,1,30000,0,,127.5,0.0,%/month,0
电芯自放电率[42],Cell Self Discharge Rate [42],1384,1,0,0,0,0,0,0,1,0.5,0.0,0,1,30000,0,,127.5,0.0,%/month,0
电芯自放电率[43],Cell Self Discharge Rate [43],1385,1,0,0,0,0,0,0,1,0.5,0.0,0,1,30000,0,,127.5,0.0,%/month,0
电芯自放电率[44],Cell Self Discharge Rate [44],1386,1,0,0,0,0,0,0,1,0.5,0.0,0,1,30000,0,,127.5,0.0,%/month,0
电芯自放电率[45],Cell Self Discharge Rate [45],1387,1,0,0,0,0,0,0,1,0.5,0.0,0,1,30000,0,,127.5,0.0,%/month,0
电芯自放电率[46],Cell Self Discharge Rate [46],1388,1,0,0,0,0,0,0,1,0.5,0.0,0,1,30000,0,,127.5,0.0,%/month,0
电芯自放电率[47],Cell Self Discharge Rate [47],1389,1,0,0,0,0,0,0,1,0.5,0.0,0,1,30000,0,,127.5,0.0,%/month,0
电芯自放电率[48],Cell Self Discharge Rate [48],1390,1,0,0,0,0,0,0,1,0.5,0.0,0,1,30000,0,,127.5,0.0,%/month,0
电芯自放电率[49],Cell Self Discharge Rate [49],1391,1,0,0,0,0,0,0,1,0.5,0.0,0,1,30000,0,,127.5,0.0,%/month,0
电芯自放电率[50],Cell Self Discharge Rate [50],1392,1,0,0,0,0,0,0,1,0.5,0.0,0,1,30000,0,,127.5,0.0,%/month,0
电芯自放电率[51],Cell Self Discharge Rate [51],1393,1,0,0,0,0,0,0,1,0.5,0.0,0,1,30000,0,,127.5,0.0,%/month,0
电芯自放电率[52],Cell Self Discharge Rate [52],1394,1,0,0,0,0,0,0,1,0.5,0.0,0,1,30000,0,,127.5,0.0,%/month,0
电芯自放电率[53],Cell Self Discharge Rate [53],1395,1,0,0,0,0,0,0,1,0.5,0.0,0,1,30000,0,,127.5,0.0,%/month,0
电芯自放电率[54],Cell Self Discharge Rate [54],1396,1,0,0,0,0,0,0,1,0.5,0.0,0,1,30000,0,,127.5,0.0,%/month,0
电芯自放电率[55],Cell Self Discharge Rate [55],1397,1,0,0,0,0,0,0,1,0.5,0.0,0,1,30000,0,,127.5,0.0,%/month,0
电芯自放电率[56],Cell Self Discharge Rate [56],1398,1,0,0,0,0,0,0,1,0.5,0.0,0,1,30000,0,,127.5,0.0,%/month,0
电芯自放电率[57],Cell Self Discharge Rate [57],1399,1,0,0,0,0,0,0,1,0.5,0.0,0,1,30000,0,,127.5,0.0,%/month,0
电芯自放电率[58],Cell Self Discharge Rate [58],1400,1,0,0,0,0,0,0,1,0.5,0.0,0,1,30000,0,,127.5,0.0,%/month,0
电芯自放电率[59],Cell Self Discharge Rate [59],1401,1,0,0,0,0,0,0,1,0.5,0.0,0,1,30000,0,,127.5,0.0,%/month,0
电芯自放电率[60],Cell Self Discharge Rate [60],1402,1,0,0,0,0,0,0,1,0.5,0.0,0,1,30000,0,,127.5,0.0,%/month,0
电芯自放电率[61],Cell Self Discharge Rate [61],1403,1,0,0,0,0,0,0,1,0.5,0.0,0,1,30000,0,,127.5,0.0,%/month,0
电芯自放电率[62],Cell Self Discharge Rate [62],1404,1,0,0,0,0,0,0,1,0.5,0.0,0,1,30000,0,,127.5,0.0,%/month,0
电芯自放电率[63],Cell Self Discharge Rate [63],1405,1,0,0,0,0,0,0,1,0.5,0.0,0,1,30000,0,,127.5,0.0,%/month,0
电芯自放电率[64],Cell Self Discharge Rate [64],1406,1,0,0,0,0,0,0,1,0.5,0.0,0,1,30000,0,,127.5,0.0,%/month,0
电芯自放电率[65],Cell Self Discharge Rate [65],1407,1,0,0,0,0,0,0,1,0.5,0.0,0,1,30000,0,,127.5,0.0,%/month,0
电芯自放电率[66],Cell Self Discharge Rate [66],1408,1,0,0,0,0,0,0,1,0.5,0.0,0,1,30000,0,,127.5,0.0,%/month,0
电芯自放电率[67],Cell Self Discharge Rate [67],1409,1,0,0,0,0,0,0,1,0.5,0.0,0,1,30000,0,,127.5,0.0,%/month,0
电芯自放电率[68],Cell Self Discharge Rate [68],1410,1,0,0,0,0,0,0,1,0.5,0.0,0,1,30000,0,,127.5,0.0,%/month,0
电芯自放电率[69],Cell Self Discharge Rate [69],1411,1,0,0,0,0,0,0,1,0.5,0.0,0,1,30000,0,,127.5,0.0,%/month,0
电芯自放电率[70],Cell Self Discharge Rate [70],1412,1,0,0,0,0,0,0,1,0.5,0.0,0,1,30000,0,,127.5,0.0,%/month,0
电芯自放电率[71],Cell Self Discharge Rate [71],1413,1,0,0,0,0,0,0,1,0.5,0.0,0,1,30000,0,,127.5,0.0,%/month,0
电芯自放电率[72],Cell Self Discharge Rate [72],1414,1,0,0,0,0,0,0,1,0.5,0.0,0,1,30000,0,,127.5,0.0,%/month,0
电芯自放电率[73],Cell Self Discharge Rate [73],1415,1,0,0,0,0,0,0,1,0.5,0.0,0,1,30000,0,,127.5,0.0,%/month,0
电芯自放电率[74],Cell Self Discharge Rate [74],1416,1,0,0,0,0,0,0,1,0.5,0.0,0,1,30000,0,,127.5,0.0,%/month,0
电芯自放电率[75],Cell Self Discharge Rate [75],1417,1,0,0,0,0,0,0,1,0.5,0.0,0,1,30000,0,,127.5,0.0,%/month,0
电芯自放电率[76],Cell Self Discharge Rate [76],1418,1,0,0,0,0,0,0,1,0.5,0.0,0,1,30000,0,,127.5,0.0,%/month,0
电芯自放电率[77],Cell Self Discharge Rate [77],1419,1,0,0,0,0,0,0,1,0.5,0.0,0,1,30000,0,,127.5,0.0,%/month,0
电芯自放电率[78],Cell Self Discharge Rate [78],1420,1,0,0,0,0,0,0,1,0.5,0.0,0,1,30000,0,,127.5,0.0,%/month,0
电芯自放电率[79],Cell Self Discharge Rate [79],1421,1,0,0,0,0,0,0,1,0.5,0.0,0,1,30000,0,,127.5,0.0,%/month,0
电芯自放电率[80],Cell Self Discharge Rate [80],1422,1,0,0,0,0,0,0,1,0.5,0.0,0,1,30000,0,,127.5,0.0,%/month,0
电芯自放电率[81],Cell Self Discharge Rate [81],1423,1,0,0,0,0,0,0,1,0.5,0.0,0,1,30000,0,,127.5,0.0,%/month,0
电芯自放电率[82],Cell Self Discharge Rate [82],1424,1,0,0,0,0,0,0,1,0.5,0.0,0,1,30000,0,,127.5,0.0,%/month,0
电芯自放电率[83],Cell Self Discharge Rate [83],1425,1,0,0,0,0,0,0,1,0.5,0.0,0,1,30000,0,,127.5,0.0,%/month,0
电芯自放电率[84],Cell Self Discharge Rate [84],1426,1,0,0,0,0,0,0,1,0.5,0.0,0,1,30000,0,,127.5,0.0,%/month,0
电芯自放电率[85],Cell Self Discharge Rate [85],1427,1,0,0,0,0,0,0,1,0.5,0.0,0,1,30000,0,,127.5,0.0,%/month,0
电芯自放电率[86],Cell Self Discharge Rate [86],1428,1,0,0,0,0,0,0,1,0.5,0.0,0,1,30000,0,,127.5,0.0,%/month,0
电芯自放电率[87],Cell Self Discharge Rate [87],1429,1,0,0,0,0,0,0,1,0.5,0.0,0,1,30000,0,,127.5,0.0,%/month,0
电芯自放电率[88],Cell Self Discharge Rate [88],1430,1,0,0,0,0,0,0,1,0.5,0.0,0,1,30000,0,,127.5,0.0,%/month,0
电芯自放电率[89],Cell Self Discharge Rate [89],1431,1,0,0,0,0,0,0,1,0.5,0.0,0,1,30000,0,,127.5,0.0,%/month,0
电芯自放电率[90],Cell Self Discharge Rate [90],1432,1,0,0,0,0,0,0,1,0.5,0.0,0,1,30000,0,,127.5,0.0,%/month,0
电芯自放电率[91],Cell Self Discharge Rate [91],1433,1,0,0,0,0,0,0,1,0.5,0.0,0,1,30000,0,,127.5,0.0,%/month,0
电芯自放电率[92],Cell Self Discharge Rate [92],1434,1,0,0,0,0,0,0,1,0.5,0.0,0,1,30000,0,,127.5,0.0,%/month,0
电芯自放电率[93],Cell Self Discharge Rate [93],1435,1,0,0,0,0,0,0,1,0.5,0.0,0,1,30000,0,,127.5,0.0,%/month,0
电芯自放电率[94],Cell Self Discharge Rate [94],1436,1,0,0,0,0,0,0,1,0.5,0.0,0,1,30000,0,,127.5,0.0,%/month,0
电芯自放电率[95],Cell Self Discharge Rate [95],1437,1,0,0,0,0,0,0,1,0.5,0.0,0,1,30000,0,,127.5,0.0,%/month,0
电芯自放电率[96],Cell Self Discharge Rate [96],1438,1,0,0,0,0,0,0,1,0.5,0.0,0,1,30000,0,,127.5,0.0,%/month,0
电芯自放电率[97],Cell Self Discharge Rate [97],1439,1,0,0,0,0,0,0,1,0.5,0.0,0,1,30000,0,,127.5,0.0,%/month,0
电芯自放电率[98],Cell Self Discharge Rate [98],1440,1,0,0,0,0,0,0,1,0.5,0.0,0,1,30000,0,,127.5,0.0,%/month,0
电芯自放电率[99],Cell Self Discharge Rate [99],1441,1,0,0,0,0,0,0,1,0.5,0.0,0,1,30000,0,,127.5,0.0,%/month,0
电芯自放电率[100],Cell Self Discharge Rate [100],1442,1,0,0,0,0,0,0,1,0.5,0.0,0,1,30000,0,,127.5,0.0,%/month,0
电芯自放电率[101],Cell Self Discharge Rate [101],1443,1,0,0,0,0,0,0,1,0.5,0.0,0,1,30000,0,,127.5,0.0,%/month,0
电芯自放电率[102],Cell Self Discharge Rate [102],1444,1,0,0,0,0,0,0,1,0.5,0.0,0,1,30000,0,,127.5,0.0,%/month,0
电芯自放电率[103],Cell Self Discharge Rate [103],1445,1,0,0,0,0,0,0,1,0.5,0.0,0,1,30000,0,,127.5,0.0,%/month,0
电芯自放电率[104],Cell Self Discharge Rate [104],1446,1,0,0,0,0,0,0,1,0.5,0.0,0,1,30000,0,,127.5,0.0,%/month,0
电芯自放电率[105],Cell Self Discharge Rate [105],1447,1,0,0,0,0,0,0,1,0.5,0.0,0,1,30000,0,,127.5,0.0,%/month,0
电芯自放电率[106],Cell Self Discharge Rate [106],1448,1,0,0,0,0,0,0,1,0.5,0.0,0,1,30000,0,,127.5,0.0,%/month,0
电芯自放电率[107],Cell Self Discharge Rate [107],1449,1,0,0,0,0,0,0,1,0.5,0.0,0,1,30000,0,,127.5,0.0,%/month,0
电芯自放电率[108],Cell Self Discharge Rate [108],1450,1,0,0,0,0,0,0,1,0.5,0.0,0,1,30000,0,,127.5,0.0,%/month,0
电芯自放电率[109],Cell Self Discharge Rate [109],1451,1,0,0,0,0,0,0,1,0.5,0.0,0,1,30000,0,,127.5,0.0,%/month,0
电芯自放电率[110],Cell Self Discharge Rate [110],1452,1,0,0,0,0,0,0,1,0.5,0.0,0,1,30000,0,,127.5,0.0,%/month,0
电芯自放电率[111],Cell Self Discharge Rate [111],1453,1,0,0,0,0,0,0,1,0.5,0.0,0,1,30000,0,,127.5,0.0,%/month,0
电芯自放电率[112],Cell Self Discharge Rate [112],1454,1,0,0,0,0,0,0,1,0.5,0.0,0,1,30000,0,,127.5,0.0,%/month,0
电芯自放电率[113],Cell Self Discharge Rate [113],1455,1,0,0,0,0,0,0,1,0.5,0.0,0,1,30000,0,,127.5,0.0,%/month,0
电芯自放电率[114],Cell Self Discharge Rate [114],1456,1,0,0,0,0,0,0,1,0.5,0.0,0,1,30000,0,,127.5,0.0,%/month,0
电芯自放电率[115],Cell Self Discharge Rate [115],1457,1,0,0,0,0,0,0,1,0.5,0.0,0,1,30000,0,,127.5,0.0,%/month,0
电芯自放电率[116],Cell Self Discharge Rate [116],1458,1,0,0,0,0,0,0,1,0.5,0.0,0,1,30000,0,,127.5,0.0,%/month,0
电芯自放电率[117],Cell Self Discharge Rate [117],1459,1,0,0,0,0,0,0,1,0.5,0.0,0,1,30000,0,,127.5,0.0,%/month,0
电芯自放电率[118],Cell Self Discharge Rate [118],1460,1,0,0,0,0,0,0,1,0.5,0.0,0,1,30000,0,,127.5,0.0,%/month,0
电芯自放电率[119],Cell Self Discharge Rate [119],1461,1,0,0,0,0,0,0,1,0.5,0.0,0,1,30000,0,,127.5,0.0,%/month,0
电芯自放电率[120],Cell Self Discharge Rate [120],1462,1,0,0,0,0,0,0,1,0.5,0.0,0,1,30000,0,,127.5,0.0,%/month,0
电芯自放电率[121],Cell Self Discharge Rate [121],1463,1,0,0,0,0,0,0,1,0.5,0.0,0,1,30000,0,,127.5,0.0,%/month,0
电芯自放电率[122],Cell Self Discharge Rate [122],1464,1,0,0,0,0,0,0,1,0.5,0.0,0,1,30000,0,,127.5,0.0,%/month,0
电芯自放电率[123],Cell Self Discharge Rate [123],1465,1,0,0,0,0,0,0,1,0.5,0.0,0,1,30000,0,,127.5,0.0,%/month,0
电芯自放电率[124],Cell Self Discharge Rate [124],1466,1,0,0,0,0,0,0,1,0.5,0.0,0,1,30000,0,,127.5,0.0,%/month,0
电芯自放电率[125],Cell Self Discharge Rate [125],1467,1,0,0,0,0,0,0,1,0.5,0.0,0,1,30000,0,,127.5,0.0,%/month,0
电芯自放电率[126],Cell Self Discharge Rate [126],1468,1,0,0,0,0,0,0,1,0.5,0.0,0,1,30000,0,,127.5,0.0,%/month,0
电芯自放电率[127],Cell Self Discharge Rate [127],1469,1,0,0,0,0,0,0,1,0.5,0.0,0,1,30000,0,,127.5,0.0,%/month,0
电芯自放电率[128],Cell Self Discharge Rate [128],1470,1,0,0,0,0,0,0,1,0.5,0.0,0,1,30000,0,,127.5,0.0,%/month,0
电芯自放电率[129],Cell Self Discharge Rate [129],1471,1,0,0,0,0,0,0,1,0.5,0.0,0,1,30000,0,,127.5,0.0,%/month,0
电芯自放电率[130],Cell Self Discharge Rate [130],1472,1,0,0,0,0,0,0,1,0.5,0.0,0,1,30000,0,,127.5,0.0,%/month,0
电芯自放电率[131],Cell Self Discharge Rate [131],1473,1,0,0,0,0,0,0,1,0.5,0.0,0,1,30000,0,,127.5,0.0,%/month,0
电芯自放电率[132],Cell Self Discharge Rate [132],1474,1,0,0,0,0,0,0,1,0.5,0.0,0,1,30000,0,,127.5,0.0,%/month,0
电芯自放电率[133],Cell Self Discharge Rate [133],1475,1,0,0,0,0,0,0,1,0.5,0.0,0,1,30000,0,,127.5,0.0,%/month,0
电芯自放电率[134],Cell Self Discharge Rate [134],1476,1,0,0,0,0,0,0,1,0.5,0.0,0,1,30000,0,,127.5,0.0,%/month,0
电芯自放电率[135],Cell Self Discharge Rate [135],1477,1,0,0,0,0,0,0,1,0.5,0.0,0,1,30000,0,,127.5,0.0,%/month,0
电芯自放电率[136],Cell Self Discharge Rate [136],1478,1,0,0,0,0,0,0,1,0.5,0.0,0,1,30000,0,,127.5,0.0,%/month,0
电芯自放电率[137],Cell Self Discharge Rate [137],1479,1,0,0,0,0,0,0,1,0.5,0.0,0,1,30000,0,,127.5,0.0,%/month,0
电芯自放电率[138],Cell Self Discharge Rate [138],1480,1,0,0,0,0,0,0,1,0.5,0.0,0,1,30000,0,,127.5,0.0,%/month,0
电芯自放电率[139],Cell Self Discharge Rate [139],1481,1,0,0,0,0,0,0,1,0.5,0.0,0,1,30000,0,,127.5,0.0,%/month,0
电芯自放电率[140],Cell Self Discharge Rate [140],1482,1,0,0,0,0,0,0,1,0.5,0.0,0,1,30000,0,,127.5,0.0,%/month,0
电芯自放电率[141],Cell Self Discharge Rate [141],1483,1,0,0,0,0,0,0,1,0.5,0.0,0,1,30000,0,,127.5,0.0,%/month,0
电芯自放电率[142],Cell Self Discharge Rate [142],1484,1,0,0,0,0,0,0,1,0.5,0.0,0,1,30000,0,,127.5,0.0,%/month,0
电芯自放电率[143],Cell Self Discharge Rate [143],1485,1,0,0,0,0,0,0,1,0.5,0.0,0,1,30000,0,,127.5,0.0,%/month,0
电芯自放电率[144],Cell Self Discharge Rate [144],1486,1,0,0,0,0,0,0,1,0.5,0.0,0,1,30000,0,,127.5,0.0,%/month,0
电芯自放电率[145],Cell Self Discharge Rate [145],1487,1,0,0,0,0,0,0,1,0.5,0.0,0,1,30000,0,,127.5,0.0,%/month,0
电芯自放电率[146],Cell Self Discharge Rate [146],1488,1,0,0,0,0,0,0,1,0.5,0.0,0,1,30000,0,,127.5,0.0,%/month,0
电芯自放电率[147],Cell Self Discharge Rate [147],1489,1,0,0,0,0,0,0,1,0.5,0.0,0,1,30000,0,,127.5,0.0,%/month,0
电芯自放电率[148],Cell Self Discharge Rate [148],1490,1,0,0,0,0,0,0,1,0.5,0.0,0,1,30000,0,,127.5,0.0,%/month,0
电芯自放电率[149],Cell Self Discharge Rate [149],1491,1,0,0,0,0,0,0,1,0.5,0.0,0,1,30000,0,,127.5,0.0,%/month,0
电芯自放电率[150],Cell Self Discharge Rate [150],1492,1,0,0,0,0,0,0,1,0.5,0.0,0,1,30000,0,,127.5,0.0,%/month,0
电芯自放电率[151],Cell Self Discharge Rate [151],1493,1,0,0,0,0,0,0,1,0.5,0.0,0,1,30000,0,,127.5,0.0,%/month,0
电芯自放电率[152],Cell Self Discharge Rate [152],1494,1,0,0,0,0,0,0,1,0.5,0.0,0,1,30000,0,,127.5,0.0,%/month,0
电芯自放电率[153],Cell Self Discharge Rate [153],1495,1,0,0,0,0,0,0,1,0.5,0.0,0,1,30000,0,,127.5,0.0,%/month,0
电芯自放电率[154],Cell Self Discharge Rate [154],1496,1,0,0,0,0,0,0,1,0.5,0.0,0,1,30000,0,,127.5,0.0,%/month,0
电芯自放电率[155],Cell Self Discharge Rate [155],1497,1,0,0,0,0,0,0,1,0.5,0.0,0,1,30000,0,,127.5,0.0,%/month,0
电芯自放电率[156],Cell Self Discharge Rate [156],1498,1,0,0,0,0,0,0,1,0.5,0.0,0,1,30000,0,,127.5,0.0,%/month,0
电芯自放电率[157],Cell Self Discharge Rate [157],1499,1,0,0,0,0,0,0,1,0.5,0.0,0,1,30000,0,,127.5,0.0,%/month,0
电芯自放电率[158],Cell Self Discharge Rate [158],1500,1,0,0,0,0,0,0,1,0.5,0.0,0,1,30000,0,,127.5,0.0,%/month,0
电芯自放电率[159],Cell Self Discharge Rate [159],1501,1,0,0,0,0,0,0,1,0.5,0.0,0,1,30000,0,,127.5,0.0,%/month,0
电芯自放电率[160],Cell Self Discharge Rate [160],1502,1,0,0,0,0,0,0,1,0.5,0.0,0,1,30000,0,,127.5,0.0,%/month,0
电芯自放电率[161],Cell Self Discharge Rate [161],1503,1,0,0,0,0,0,0,1,0.5,0.0,0,1,30000,0,,127.5,0.0,%/month,0
电芯自放电率[162],Cell Self Discharge Rate [162],1504,1,0,0,0,0,0,0,1,0.5,0.0,0,1,30000,0,,127.5,0.0,%/month,0
电芯自放电率[163],Cell Self Discharge Rate [163],1505,1,0,0,0,0,0,0,1,0.5,0.0,0,1,30000,0,,127.5,0.0,%/month,0
电芯自放电率[164],Cell Self Discharge Rate [164],1506,1,0,0,0,0,0,0,1,0.5,0.0,0,1,30000,0,,127.5,0.0,%/month,0
电芯自放电率[165],Cell Self Discharge Rate [165],1507,1,0,0,0,0,0,0,1,0.5,0.0,0,1,30000,0,,127.5,0.0,%/month,0
电芯自放电率[166],Cell Self Discharge Rate [166],1508,1,0,0,0,0,0,0,1,0.5,0.0,0,1,30000,0,,127.5,0.0,%/month,0
电芯自放电率[167],Cell Self Discharge Rate [167],1509,1,0,0,0,0,0,0,1,0.5,0.0,0,1,30000,0,,127.5,0.0,%/month,0
电芯自放电率[168],Cell Self Discharge Rate [168],1510,1,0,0,0,0,0,0,1,0.5,0.0,0,1,30000,0,,127.5,0.0,%/month,0
电芯自放电率[169],Cell Self Discharge Rate [169],1511,1,0,0,0,0,0,0,1,0.5,0.0,0,1,30000,0,,127.5,0.0,%/month,0
电芯自放电率[170],Cell Self Discharge Rate [170],1512,1,0,0,0,0,0,0,1,0.5,0.0,0,1,30000,0,,127.5,0.0,%/month,0
电芯自放电率[171],Cell Self Discharge Rate [171],1513,1,0,0,0,0,0,0,1,0.5,0.0,0,1,30000,0,,127.5,0.0,%/month,0
电芯自放电率[172],Cell Self Discharge Rate [172],1514,1,0,0,0,0,0,0,1,0.5,0.0,0,1,30000,0,,127.5,0.0,%/month,0
电芯自放电率[173],Cell Self Discharge Rate [173],1515,1,0,0,0,0,0,0,1,0.5,0.0,0,1,30000,0,,127.5,0.0,%/month,0
电芯自放电率[174],Cell Self Discharge Rate [174],1516,1,0,0,0,0,0,0,1,0.5,0.0,0,1,30000,0,,127.5,0.0,%/month,0
电芯自放电率[175],Cell Self Discharge Rate [175],1517,1,0,0,0,0,0,0,1,0.5,0.0,0,1,30000,0,,127.5,0.0,%/month,0
电芯自放电率[176],Cell Self Discharge Rate [176],1518,1,0,0,0,0,0,0,1,0.5,0.0,0,1,30000,0,,127.5,0.0,%/month,0
电芯自放电率[177],Cell Self Discharge Rate [177],1519,1,0,0,0,0,0,0,1,0.5,0.0,0,1,30000,0,,127.5,0.0,%/month,0
电芯自放电率[178],Cell Self Discharge Rate [178],1520,1,0,0,0,0,0,0,1,0.5,0.0,0,1,30000,0,,127.5,0.0,%/month,0
电芯自放电率[179],Cell Self Discharge Rate [179],1521,1,0,0,0,0,0,0,1,0.5,0.0,0,1,30000,0,,127.5,0.0,%/month,0
电芯自放电率[180],Cell Self Discharge Rate [180],1522,1,0,0,0,0,0,0,1,0.5,0.0,0,1,30000,0,,127.5,0.0,%/month,0
电芯自放电率[181],Cell Self Discharge Rate [181],1523,1,0,0,0,0,0,0,1,0.5,0.0,0,1,30000,0,,127.5,0.0,%/month,0
电芯自放电率[182],Cell Self Discharge Rate [182],1524,1,0,0,0,0,0,0,1,0.5,0.0,0,1,30000,0,,127.5,0.0,%/month,0
电芯自放电率[183],Cell Self Discharge Rate [183],1525,1,0,0,0,0,0,0,1,0.5,0.0,0,1,30000,0,,127.5,0.0,%/month,0
电芯自放电率[184],Cell Self Discharge Rate [184],1526,1,0,0,0,0,0,0,1,0.5,0.0,0,1,30000,0,,127.5,0.0,%/month,0
电芯自放电率[185],Cell Self Discharge Rate [185],1527,1,0,0,0,0,0,0,1,0.5,0.0,0,1,30000,0,,127.5,0.0,%/month,0
电芯自放电率[186],Cell Self Discharge Rate [186],1528,1,0,0,0,0,0,0,1,0.5,0.0,0,1,30000,0,,127.5,0.0,%/month,0
电芯自放电率[187],Cell Self Discharge Rate [187],1529,1,0,0,0,0,0,0,1,0.5,0.0,0,1,30000,0,,127.5,0.0,%/month,0
电芯自放电率[188],Cell Self Discharge Rate [188],1530,1,0,0,0,0,0,0,1,0.5,0.0,0,1,30000,0,,127.5,0.0,%/month,0
电芯自放电率[189],Cell Self Discharge Rate [189],1531,1,0,0,0,0,0,0,1,0.5,0.0,0,1,30000,0,,127.5,0.0,%/month,0
电芯自放电率[190],Cell Self Discharge Rate [190],1532,1,0,0,0,0,0,0,1,0.5,0.0,0,1,30000,0,,127.5,0.0,%/month,0
电芯自放电率[191],Cell Self Discharge Rate [191],1533,1,0,0,0,0,0,0,1,0.5,0.0,0,1,30000,0,,127.5,0.0,%/month,0
电芯自放电率[192],Cell Self Discharge Rate [192],1534,1,0,0,0,0,0,0,1,0.5,0.0,0,1,30000,0,,127.5,0.0,%/month,0
电芯自放电率[193],Cell Self Discharge Rate [193],1535,1,0,0,0,0,0,0,1,0.5,0.0,0,1,30000,0,,127.5,0.0,%/month,0
电芯自放电率[194],Cell Self Discharge Rate [194],1536,1,0,0,0,0,0,0,1,0.5,0.0,0,1,30000,0,,127.5,0.0,%/month,0
电芯自放电率[195],Cell Self Discharge Rate [195],1537,1,0,0,0,0,0,0,1,0.5,0.0,0,1,30000,0,,127.5,0.0,%/month,0
电芯自放电率[196],Cell Self Discharge Rate [196],1538,1,0,0,0,0,0,0,1,0.5,0.0,0,1,30000,0,,127.5,0.0,%/month,0
电芯自放电率[197],Cell Self Discharge Rate [197],1539,1,0,0,0,0,0,0,1,0.5,0.0,0,1,30000,0,,127.5,0.0,%/month,0
电芯自放电率[198],Cell Self Discharge Rate [198],1540,1,0,0,0,0,0,0,1,0.5,0.0,0,1,30000,0,,127.5,0.0,%/month,0
电芯自放电率[199],Cell Self Discharge Rate [199],1541,1,0,0,0,0,0,0,1,0.5,0.0,0,1,30000,0,,127.5,0.0,%/month,0
电芯自放电率[200],Cell Self Discharge Rate [200],1542,1,0,0,0,0,0,0,1,0.5,0.0,0,1,30000,0,,127.5,0.0,%/month,0
电芯自放电率[201],Cell Self Discharge Rate [201],1543,1,0,0,0,0,0,0,1,0.5,0.0,0,1,30000,0,,127.5,0.0,%/month,0
电芯自放电率[202],Cell Self Discharge Rate [202],1544,1,0,0,0,0,0,0,1,0.5,0.0,0,1,30000,0,,127.5,0.0,%/month,0
电芯自放电率[203],Cell Self Discharge Rate [203],1545,1,0,0,0,0,0,0,1,0.5,0.0,0,1,30000,0,,127.5,0.0,%/month,0
电芯自放电率[204],Cell Self Discharge Rate [204],1546,1,0,0,0,0,0,0,1,0.5,0.0,0,1,30000,0,,127.5,0.0,%/month,0
电芯自放电率[205],Cell Self Discharge Rate [205],1547,1,0,0,0,0,0,0,1,0.5,0.0,0,1,30000,0,,127.5,0.0,%/month,0
电芯自放电率[206],Cell Self Discharge Rate [206],1548,1,0,0,0,0,0,0,1,0.5,0.0,0,1,30000,0,,127.5,0.0,%/month,0
电芯自放电率[207],Cell Self Discharge Rate [207],1549,1,0,0,0,0,0,0,1,0.5,0.0,0,1,30000,0,,127.5,0.0,%/month,0
电芯自放电率[208],Cell Self Discharge Rate [208],1550,1,0,0,0,0,0,0,1,0.5,0.0,0,1,30000,0,,127.5,0.0,%/month,0
电芯自放电率[209],Cell Self Discharge Rate [209],1551,1,0,0,0,0,0,0,1,0.5,0.0,0,1,30000,0,,127.5,0.0,%/month,0
电芯自放电率[210],Cell Self Discharge Rate [210],1552,1,0,0,0,0,0,0,1,0.5,0.0,0,1,30000,0,,127.5,0.0,%/month,0
电芯自放电率[211],Cell Self Discharge Rate [211],1553,1,0,0,0,0,0,0,1,0.5,0.0,0,1,30000,0,,127.5,0.0,%/month,0
电芯自放电率[212],Cell Self Discharge Rate [212],1554,1,0,0,0,0,0,0,1,0.5,0.0,0,1,30000,0,,127.5,0.0,%/month,0
电芯自放电率[213],Cell Self Discharge Rate [213],1555,1,0,0,0,0,0,0,1,0.5,0.0,0,1,30000,0,,127.5,0.0,%/month,0
电芯自放电率[214],Cell Self Discharge Rate [214],1556,1,0,0,0,0,0,0,1,0.5,0.0,0,1,30000,0,,127.5,0.0,%/month,0
电芯自放电率[215],Cell Self Discharge Rate [215],1557,1,0,0,0,0,0,0,1,0.5,0.0,0,1,30000,0,,127.5,0.0,%/month,0
电芯自放电率[216],Cell Self Discharge Rate [216],1558,1,0,0,0,0,0,0,1,0.5,0.0,0,1,30000,0,,127.5,0.0,%/month,0
电芯自放电率[217],Cell Self Discharge Rate [217],1559,1,0,0,0,0,0,0,1,0.5,0.0,0,1,30000,0,,127.5,0.0,%/month,0
电芯自放电率[218],Cell Self Discharge Rate [218],1560,1,0,0,0,0,0,0,1,0.5,0.0,0,1,30000,0,,127.5,0.0,%/month,0
电芯自放电率[219],Cell Self Discharge Rate [219],1561,1,0,0,0,0,0,0,1,0.5,0.0,0,1,30000,0,,127.5,0.0,%/month,0
电芯自放电率[220],Cell Self Discharge Rate [220],1562,1,0,0,0,0,0,0,1,0.5,0.0,0,1,30000,0,,127.5,0.0,%/month,0
电芯自放电率[221],Cell Self Discharge Rate [221],1563,1,0,0,0,0,0,0,1,0.5,0.0,0,1,30000,0,,127.5,0.0,%/month,0
电芯自放电率[222],Cell Self Discharge Rate [222],1564,1,0,0,0,0,0,0,1,0.5,0.0,0,1,30000,0,,127.5,0.0,%/month,0
电芯自放电率[223],Cell Self Discharge Rate [223],1565,1,0,0,0,0,0,0,1,0.5,0.0,0,1,30000,0,,127.5,0.0,%/month,0
电芯自放电率[224],Cell Self Discharge Rate [224],1566,1,0,0,0,0,0,0,1,0.5,0.0,0,1,30000,0,,127.5,0.0,%/month,0
电芯自放电率[225],Cell Self Discharge Rate [225],1567,1,0,0,0,0,0,0,1,0.5,0.0,0,1,30000,0,,127.5,0.0,%/month,0
电芯自放电率[226],Cell Self Discharge Rate [226],1568,1,0,0,0,0,0,0,1,0.5,0.0,0,1,30000,0,,127.5,0.0,%/month,0
电芯自放电率[227],Cell Self Discharge Rate [227],1569,1,0,0,0,0,0,0,1,0.5,0.0,0,1,30000,0,,127.5,0.0,%/month,0
电芯自放电率[228],Cell Self Discharge Rate [228],1570,1,0,0,0,0,0,0,1,0.5,0.0,0,1,30000,0,,127.5,0.0,%/month,0
电芯自放电率[229],Cell Self Discharge Rate [229],1571,1,0,0,0,0,0,0,1,0.5,0.0,0,1,30000,0,,127.5,0.0,%/month,0
电芯自放电率[230],Cell Self Discharge Rate [230],1572,1,0,0,0,0,0,0,1,0.5,0.0,0,1,30000,0,,127.5,0.0,%/month,0
电芯自放电率[231],Cell Self Discharge Rate [231],1573,1,0,0,0,0,0,0,1,0.5,0.0,0,1,30000,0,,127.5,0.0,%/month,0
电芯自放电率[232],Cell Self Discharge Rate [232],1574,1,0,0,0,0,0,0,1,0.5,0.0,0,1,30000,0,,127.5,0.0,%/month,0
电芯自放电率[233],Cell Self Discharge Rate [233],1575,1,0,0,0,0,0,0,1,0.5,0.0,0,1,30000,0,,127.5,0.0,%/month,0
电芯自放电率[234],Cell Self Discharge Rate [234],1576,1,0,0,0,0,0,0,1,0.5,0.0,0,1,30000,0,,127.5,0.0,%/month,0
电芯自放电率[235],Cell Self Discharge Rate [235],1577,1,0,0,0,0,0,0,1,0.5,0.0,0,1,30000,0,,127.5,0.0,%/month,0
电芯自放电率[236],Cell Self Discharge Rate [236],1578,1,0,0,0,0,0,0,1,0.5,0.0,0,1,30000,0,,127.5,0.0,%/month,0
电芯自放电率[237],Cell Self Discharge Rate [237],1579,1,0,0,0,0,0,0,1,0.5,0.0,0,1,30000,0,,127.5,0.0,%/month,0
电芯自放电率[238],Cell Self Discharge Rate [238],1580,1,0,0,0,0,0,0,1,0.5,0.0,0,1,30000,0,,127.5,0.0,%/month,0
电芯自放电率[239],Cell Self Discharge Rate [239],1581,1,0,0,0,0,0,0,1,0.5,0.0,0,1,30000,0,,127.5,0.0,%/month,0
电芯自放电率[240],Cell Self Discharge Rate [240],1582,1,0,0,0,0,0,0,1,0.5,0.0,0,1,30000,0,,127.5,0.0,%/month,0
电芯自放电率[241],Cell Self Discharge Rate [241],1583,1,0,0,0,0,0,0,1,0.5,0.0,0,1,30000,0,,127.5,0.0,%/month,0
电芯自放电率[242],Cell Self Discharge Rate [242],1584,1,0,0,0,0,0,0,1,0.5,0.0,0,1,30000,0,,127.5,0.0,%/month,0
电芯自放电率[243],Cell Self Discharge Rate [243],1585,1,0,0,0,0,0,0,1,0.5,0.0,0,1,30000,0,,127.5,0.0,%/month,0
电芯自放电率[244],Cell Self Discharge Rate [244],1586,1,0,0,0,0,0,0,1,0.5,0.0,0,1,30000,0,,127.5,0.0,%/month,0
电芯自放电率[245],Cell Self Discharge Rate [245],1587,1,0,0,0,0,0,0,1,0.5,0.0,0,1,30000,0,,127.5,0.0,%/month,0
电芯自放电率[246],Cell Self Discharge Rate [246],1588,1,0,0,0,0,0,0,1,0.5,0.0,0,1,30000,0,,127.5,0.0,%/month,0
电芯自放电率[247],Cell Self Discharge Rate [247],1589,1,0,0,0,0,0,0,1,0.5,0.0,0,1,30000,0,,127.5,0.0,%/month,0
电芯自放电率[248],Cell Self Discharge Rate [248],1590,1,0,0,0,0,0,0,1,0.5,0.0,0,1,30000,0,,127.5,0.0,%/month,0
电芯自放电率[249],Cell Self Discharge Rate [249],1591,1,0,0,0,0,0,0,1,0.5,0.0,0,1,30000,0,,127.5,0.0,%/month,0
电芯自放电率[250],Cell Self Discharge Rate [250],1592,1,0,0,0,0,0,0,1,0.5,0.0,0,1,30000,0,,127.5,0.0,%/month,0
电芯自放电率[251],Cell Self Discharge Rate [251],1593,1,0,0,0,0,0,0,1,0.5,0.0,0,1,30000,0,,127.5,0.0,%/month,0
电芯自放电率[252],Cell Self Discharge Rate [252],1594,1,0,0,0,0,0,0,1,0.5,0.0,0,1,30000,0,,127.5,0.0,%/month,0
电芯自放电率[253],Cell Self Discharge Rate [253],1595,1,0,0,0,0,0,0,1,0.5,0.0,0,1,30000,0,,127.5,0.0,%/month,0
电芯自放电率[254],Cell Self Discharge Rate [254],1596,1,0,0,0,0,0,0,1,0.5,0.0,0,1,30000,0,,127.5,0.0,%/month,0
电芯自放电率[255],Cell Self Discharge Rate [255],1597,1,0,0,0,0,0,0,1,0.5,0.0,0,1,30000,0,,127.5,0.0,%/month,0
电芯自放电率[256],Cell Self Discharge Rate [256],1598,1,0,0,0,0,0,0,1,0.5,0.0,0,1,30000,0,,127.5,0.0,%/month,0
电芯自放电率[257],Cell Self Discharge Rate [257],1599,1,0,0,0,0,0,0,1,0.5,0.0,0,1,30000,0,,127.5,0.0,%/month,0
电芯自放电率[258],Cell Self Discharge Rate [258],1600,1,0,0,0,0,0,0,1,0.5,0.0,0,1,30000,0,,127.5,0.0,%/month,0
电芯自放电率[259],Cell Self Discharge Rate [259],1601,1,0,0,0,0,0,0,1,0.5,0.0,0,1,30000,0,,127.5,0.0,%/month,0
电芯自放电率[260],Cell Self Discharge Rate [260],1602,1,0,0,0,0,0,0,1,0.5,0.0,0,1,30000,0,,127.5,0.0,%/month,0
电芯自放电率[261],Cell Self Discharge Rate [261],1603,1,0,0,0,0,0,0,1,0.5,0.0,0,1,30000,0,,127.5,0.0,%/month,0
电芯自放电率[262],Cell Self Discharge Rate [262],1604,1,0,0,0,0,0,0,1,0.5,0.0,0,1,30000,0,,127.5,0.0,%/month,0
电芯自放电率[263],Cell Self Discharge Rate [263],1605,1,0,0,0,0,0,0,1,0.5,0.0,0,1,30000,0,,127.5,0.0,%/month,0
电芯自放电率[264],Cell Self Discharge Rate [264],1606,1,0,0,0,0,0,0,1,0.5,0.0,0,1,30000,0,,127.5,0.0,%/month,0
电芯自放电率[265],Cell Self Discharge Rate [265],1607,1,0,0,0,0,0,0,1,0.5,0.0,0,1,30000,0,,127.5,0.0,%/month,0
电芯自放电率[266],Cell Self Discharge Rate [266],1608,1,0,0,0,0,0,0,1,0.5,0.0,0,1,30000,0,,127.5,0.0,%/month,0
电芯自放电率[267],Cell Self Discharge Rate [267],1609,1,0,0,0,0,0,0,1,0.5,0.0,0,1,30000,0,,127.5,0.0,%/month,0
电芯自放电率[268],Cell Self Discharge Rate [268],1610,1,0,0,0,0,0,0,1,0.5,0.0,0,1,30000,0,,127.5,0.0,%/month,0
电芯自放电率[269],Cell Self Discharge Rate [269],1611,1,0,0,0,0,0,0,1,0.5,0.0,0,1,30000,0,,127.5,0.0,%/month,0
电芯自放电率[270],Cell Self Discharge Rate [270],1612,1,0,0,0,0,0,0,1,0.5,0.0,0,1,30000,0,,127.5,0.0,%/month,0
电芯自放电率[271],Cell Self Discharge Rate [271],1613,1,0,0,0,0,0,0,1,0.5,0.0,0,1,30000,0,,127.5,0.0,%/month,0
电芯自放电率[272],Cell Self Discharge Rate [272],1614,1,0,0,0,0,0,0,1,0.5,0.0,0,1,30000,0,,127.5,0.0,%/month,0
电芯自放电率[273],Cell Self Discharge Rate [273],1615,1,0,0,0,0,0,0,1,0.5,0.0,0,1,30000,0,,127.5,0.0,%/month,0
电芯自放电率[274],Cell Self Discharge Rate [274],1616,1,0,0,0,0,0,0,1,0.5,0.0,0,1,30000,0,,127.5,0.0,%/month,0
电芯自放电率[275],Cell Self Discharge Rate [275],1617,1,0,0,0,0,0,0,1,0.5,0.0,0,1,30000,0,,127.5,0.0,%/month,0
电芯自放电率[276],Cell Self Discharge Rate [276],1618,1,0,0,0,0,0,0,1,0.5,0.0,0,1,30000,0,,127.5,0.0,%/month,0
电芯自放电率[277],Cell Self Discharge Rate [277],1619,1,0,0,0,0,0,0,1,0.5,0.0,0,1,30000,0,,127.5,0.0,%/month,0
电芯自放电率[278],Cell Self Discharge Rate [278],1620,1,0,0,0,0,0,0,1,0.5,0.0,0,1,30000,0,,127.5,0.0,%/month,0
电芯自放电率[279],Cell Self Discharge Rate [279],1621,1,0,0,0,0,0,0,1,0.5,0.0,0,1,30000,0,,127.5,0.0,%/month,0
电芯自放电率[280],Cell Self Discharge Rate [280],1622,1,0,0,0,0,0,0,1,0.5,0.0,0,1,30000,0,,127.5,0.0,%/month,0
电芯自放电率[281],Cell Self Discharge Rate [281],1623,1,0,0,0,0,0,0,1,0.5,0.0,0,1,30000,0,,127.5,0.0,%/month,0
电芯自放电率[282],Cell Self Discharge Rate [282],1624,1,0,0,0,0,0,0,1,0.5,0.0,0,1,30000,0,,127.5,0.0,%/month,0
电芯自放电率[283],Cell Self Discharge Rate [283],1625,1,0,0,0,0,0,0,1,0.5,0.0,0,1,30000,0,,127.5,0.0,%/month,0
电芯自放电率[284],Cell Self Discharge Rate [284],1626,1,0,0,0,0,0,0,1,0.5,0.0,0,1,30000,0,,127.5,0.0,%/month,0
电芯自放电率[285],Cell Self Discharge Rate [285],1627,1,0,0,0,0,0,0,1,0.5,0.0,0,1,30000,0,,127.5,0.0,%/month,0
电芯自放电率[286],Cell Self Discharge Rate [286],1628,1,0,0,0,0,0,0,1,0.5,0.0,0,1,30000,0,,127.5,0.0,%/month,0
电芯自放电率[287],Cell Self Discharge Rate [287],1629,1,0,0,0,0,0,0,1,0.5,0.0,0,1,30000,0,,127.5,0.0,%/month,0
电芯自放电率[288],Cell Self Discharge Rate [288],1630,1,0,0,0,0,0,0,1,0.5,0.0,0,1,30000,0,,127.5,0.0,%/month,0
电芯自放电率[289],Cell Self Discharge Rate [289],1631,1,0,0,0,0,0,0,1,0.5,0.0,0,1,30000,0,,127.5,0.0,%/month,0
电芯自放电率[290],Cell Self Discharge Rate [290],1632,1,0,0,0,0,0,0,1,0.5,0.0,0,1,30000,0,,127.5,0.0,%/month,0
电芯自放电率[291],Cell Self Discharge Rate [291],1633,1,0,0,0,0,0,0,1,0.5,0.0,0,1,30000,0,,127.5,0.0,%/month,0
电芯自放电率[292],Cell Self Discharge Rate [292],1634,1,0,0,0,0,0,0,1,0.5,0.0,0,1,30000,0,,127.5,0.0,%/month,0
电芯自放电率[293],Cell Self Discharge Rate [293],1635,1,0,0,0,0,0,0,1,0.5,0.0,0,1,30000,0,,127.5,0.0,%/month,0
电芯自放电率[294],Cell Self Discharge Rate [294],1636,1,0,0,0,0,0,0,1,0.5,0.0,0,1,30000,0,,127.5,0.0,%/month,0
电芯自放电率[295],Cell Self Discharge Rate [295],1637,1,0,0,0,0,0,0,1,0.5,0.0,0,1,30000,0,,127.5,0.0,%/month,0
电芯自放电率[296],Cell Self Discharge Rate [296],1638,1,0,0,0,0,0,0,1,0.5,0.0,0,1,30000,0,,127.5,0.0,%/month,0
电芯自放电率[297],Cell Self Discharge Rate [297],1639,1,0,0,0,0,0,0,1,0.5,0.0,0,1,30000,0,,127.5,0.0,%/month,0
电芯自放电率[298],Cell Self Discharge Rate [298],1640,1,0,0,0,0,0,0,1,0.5,0.0,0,1,30000,0,,127.5,0.0,%/month,0
电芯自放电率[299],Cell Self Discharge Rate [299],1641,1,0,0,0,0,0,0,1,0.5,0.0,0,1,30000,0,,127.5,0.0,%/month,0
电芯自放电率[300],Cell Self Discharge Rate [300],1642,1,0,0,0,0,0,0,1,0.5,0.0,0,1,30000,0,,127.5,0.0,%/month,0
电芯自放电率[301],Cell Self Discharge Rate [301],1643,1,0,0,0,0,0,0,1,0.5,0.0,0,1,30000,0,,127.5,0.0,%/month,0
电芯自放电率[302],Cell Self Discharge Rate [302],1644,1,0,0,0,0,0,0,1,0.5,0.0,0,1,30000,0,,127.5,0.0,%/month,0
电芯自放电率[303],Cell Self Discharge Rate [303],1645,1,0,0,0,0,0,0,1,0.5,0.0,0,1,30000,0,,127.5,0.0,%/month,0
电芯自放电率[304],Cell Self Discharge Rate [304],1646,1,0,0,0,0,0,0,1,0.5,0.0,0,1,30000,0,,127.5,0.0,%/month,0
电芯自放电率[305],Cell Self Discharge Rate [305],1647,1,0,0,0,0,0,0,1,0.5,0.0,0,1,30000,0,,127.5,0.0,%/month,0
电芯自放电率[306],Cell Self Discharge Rate [306],1648,1,0,0,0,0,0,0,1,0.5,0.0,0,1,30000,0,,127.5,0.0,%/month,0
电芯自放电率[307],Cell Self Discharge Rate [307],1649,1,0,0,0,0,0,0,1,0.5,0.0,0,1,30000,0,,127.5,0.0,%/month,0
电芯自放电率[308],Cell Self Discharge Rate [308],1650,1,0,0,0,0,0,0,1,0.5,0.0,0,1,30000,0,,127.5,0.0,%/month,0
电芯自放电率[309],Cell Self Discharge Rate [309],1651,1,0,0,0,0,0,0,1,0.5,0.0,0,1,30000,0,,127.5,0.0,%/month,0
电芯自放电率[310],Cell Self Discharge Rate [310],1652,1,0,0,0,0,0,0,1,0.5,0.0,0,1,30000,0,,127.5,0.0,%/month,0
电芯自放电率[311],Cell Self Discharge Rate [311],1653,1,0,0,0,0,0,0,1,0.5,0.0,0,1,30000,0,,127.5,0.0,%/month,0
电芯自放电率[312],Cell Self Discharge Rate [312],1654,1,0,0,0,0,0,0,1,0.5,0.0,0,1,30000,0,,127.5,0.0,%/month,0
电芯自放电率[313],Cell Self Discharge Rate [313],1655,1,0,0,0,0,0,0,1,0.5,0.0,0,1,30000,0,,127.5,0.0,%/month,0
电芯自放电率[314],Cell Self Discharge Rate [314],1656,1,0,0,0,0,0,0,1,0.5,0.0,0,1,30000,0,,127.5,0.0,%/month,0
电芯自放电率[315],Cell Self Discharge Rate [315],1657,1,0,0,0,0,0,0,1,0.5,0.0,0,1,30000,0,,127.5,0.0,%/month,0
电芯自放电率[316],Cell Self Discharge Rate [316],1658,1,0,0,0,0,0,0,1,0.5,0.0,0,1,30000,0,,127.5,0.0,%/month,0
电芯自放电率[317],Cell Self Discharge Rate [317],1659,1,0,0,0,0,0,0,1,0.5,0.0,0,1,30000,0,,127.5,0.0,%/month,0
电芯自放电率[318],Cell Self Discharge Rate [318],1660,1,0,0,0,0,0,0,1,0.5,0.0,0,1,30000,0,,127.5,0.0,%/month,0
电芯自放电率[319],Cell Self Discharge Rate [319],1661,1,0,0,0,0,0,0,1,0.5,0.0,0,1,30000,0,,127.5,0.0,%/month,0
电芯自放电率[320],Cell Self Discharge Rate [320],1662,1,0,0,0,0,0,0,1,0.5,0.0,0,1,30000,0,,127.5,0.0,%/month,0
电芯自放电率[321],Cell Self Discharge Rate [321],1663,1,0,0,0,0,0,0,1,0.5,0.0,0,1,30000,0,,127.5,0.0,%/month,0
电芯自放电率[322],Cell Self Discharge Rate [322],1664,1,0,0,0,0,0,0,1,0.5,0.0,0,1,30000,0,,127.5,0.0,%/month,0
电芯自放电率[323],Cell Self Discharge Rate [323],1665,1,0,0,0,0,0,0,1,0.5,0.0,0,1,30000,0,,127.5,0.0,%/month,0
电芯自放电率[324],Cell Self Discharge Rate [324],1666,1,0,0,0,0,0,0,1,0.5,0.0,0,1,30000,0,,127.5,0.0,%/month,0
电芯自放电率[325],Cell Self Discharge Rate [325],1667,1,0,0,0,0,0,0,1,0.5,0.0,0,1,30000,0,,127.5,0.0,%/month,0
电芯自放电率[326],Cell Self Discharge Rate [326],1668,1,0,0,0,0,0,0,1,0.5,0.0,0,1,30000,0,,127.5,0.0,%/month,0
电芯自放电率[327],Cell Self Discharge Rate [327],1669,1,0,0,0,0,0,0,1,0.5,0.0,0,1,30000,0,,127.5,0.0,%/month,0
电芯自放电率[328],Cell Self Discharge Rate [328],1670,1,0,0,0,0,0,0,1,0.5,0.0,0,1,30000,0,,127.5,0.0,%/month,0
电芯自放电率[329],Cell Self Discharge Rate [329],1671,1,0,0,0,0,0,0,1,0.5,0.0,0,1,30000,0,,127.5,0.0,%/month,0
电芯自放电率[330],Cell Self Discharge Rate [330],1672,1,0,0,0,0,0,0,1,0.5,0.0,0,1,30000,0,,127.5,0.0,%/month,0
电芯自放电率[331],Cell Self Discharge Rate [331],1673,1,0,0,0,0,0,0,1,0.5,0.0,0,1,30000,0,,127.5,0.0,%/month,0
电芯自放电率[332],Cell Self Discharge Rate [332],1674,1,0,0,0,0,0,0,1,0.5,0.0,0,1,30000,0,,127.5,0.0,%/month,0
电芯自放电率[333],Cell Self Discharge Rate [333],1675,1,0,0,0,0,0,0,1,0.5,0.0,0,1,30000,0,,127.5,0.0,%/month,0
电芯自放电率[334],Cell Self Discharge Rate [334],1676,1,0,0,0,0,0,0,1,0.5,0.0,0,1,30000,0,,127.5,0.0,%/month,0
电芯自放电率[335],Cell Self Discharge Rate [335],1677,1,0,0,0,0,0,0,1,0.5,0.0,0,1,30000,0,,127.5,0.0,%/month,0
电芯自放电率[336],Cell Self Discharge Rate [336],1678,1,0,0,0,0,0,0,1,0.5,0.0,0,1,30000,0,,127.5,0.0,%/month,0
电芯自放电率[337],Cell Self Discharge Rate [337],1679,1,0,0,0,0,0,0,1,0.5,0.0,0,1,30000,0,,127.5,0.0,%/month,0
电芯自放电率[338],Cell Self Discharge Rate [338],1680,1,0,0,0,0,0,0,1,0.5,0.0,0,1,30000,0,,127.5,0.0,%/month,0
电芯自放电率[339],Cell Self Discharge Rate [339],1681,1,0,0,0,0,0,0,1,0.5,0.0,0,1,30000,0,,127.5,0.0,%/month,0
电芯自放电率[340],Cell Self Discharge Rate [340],1682,1,0,0,0,0,0,0,1,0.5,0.0,0,1,30000,0,,127.5,0.0,%/month,0
电芯自放电率[341],Cell Self Discharge Rate [341],1683,1,0,0,0,0,0,0,1,0.5,0.0,0,1,30000,0,,127.5,0.0,%/month,0
电芯自放电率[342],Cell Self Discharge Rate [342],1684,1,0,0,0,0,0,0,1,0.5,0.0,0,1,30000,0,,127.5,0.0,%/month,0
电芯自放电率[343],Cell Self Discharge Rate [343],1685,1,0,0,0,0,0,0,1,0.5,0.0,0,1,30000,0,,127.5,0.0,%/month,0
电芯自放电率[344],Cell Self Discharge Rate [344],1686,1,0,0,0,0,0,0,1,0.5,0.0,0,1,30000,0,,127.5,0.0,%/month,0
电芯自放电率[345],Cell Self Discharge Rate [345],1687,1,0,0,0,0,0,0,1,0.5,0.0,0,1,30000,0,,127.5,0.0,%/month,0
电芯自放电率[346],Cell Self Discharge Rate [346],1688,1,0,0,0,0,0,0,1,0.5,0.0,0,1,30000,0,,127.5,0.0,%/month,0
电芯自放电率[347],Cell Self Discharge Rate [347],1689,1,0,0,0,0,0,0,1,0.5,0.0,0,1,30000,0,,127.5,0.0,%/month,0
电芯自放电率[348],Cell Self Discharge Rate [348],1690,1,0,0,0,0,0,0,1,0.5,0.0,0,1,30000,0,,127.5,0.0,%/month,0
电芯自放电率[349],Cell Self Discharge Rate [349],1691,1,0,0,0,0,0,0,1,0.5,0.0,0,1,30000,0,,127.5,0.0,%/month,0
电芯自放电率[350],Cell Self Discharge Rate [350],1692,1,0,0,0,0,0,0,1,0.5,0.0,0,1,30000,0,,127.5,0.0,%/month,0
电芯自放电率[351],Cell Self Discharge Rate [351],1693,1,0,0,0,0,0,0,1,0.5,0.0,0,1,30000,0,,127.5,0.0,%/month,0
电芯自放电率[352],Cell Self Discharge Rate [352],1694,1,0,0,0,0,0,0,1,0.5,0.0,0,1,30000,0,,127.5,0.0,%/month,0
电芯自放电率[353],Cell Self Discharge Rate [353],1695,1,0,0,0,0,0,0,1,0.5,0.0,0,1,30000,0,,127.5,0.0,%/month,0
电芯自放电率[354],Cell Self Discharge Rate [354],1696,1,0,0,0,0,0,0,1,0.5,0.0,0,1,30000,0,,127.5,0.0,%/month,0
电芯自放电率[355],Cell Self Discharge Rate [355],1697,1,0,0,0,0,0,0,1,0.5,0.0,0,1,30000,0,,127.5,0.0,%/month,0
电芯自放电率[356],Cell Self Discharge Rate [356],1698,1,0,0,0,0,0,0,1,0.5,0.0,0,1,30000,0,,127.5,0.0,%/month,0
电芯自放电率[357],Cell Self Discharge Rate [357],1699,1,0,0,0,0,0,0,1,0.5,0.0,0,1,30000,0,,127.5,0.0,%/month,0
电芯自放电率[358],Cell Self Discharge Rate [358],1700,1,0,0,0,0,0,0,1,0.5,0.0,0,1,30000,0,,127.5,0.0,%/month,0
电芯自放电率[359],Cell Self Discharge Rate [359],1701,1,0,0,0,0,0,0,1,0.5,0.0,0,1,30000,0,,127.5,0.0,%/month,0
电芯自放电率[360],Cell Self Discharge Rate [360],1702,1,0,0,0,0,0,0,1,0.5,0.0,0,1,30000,0,,127.5,0.0,%/month,0
电芯自放电率[361],Cell Self Discharge Rate [361],1703,1,0,0,0,0,0,0,1,0.5,0.0,0,1,30000,0,,127.5,0.0,%/month,0
电芯自放电率[362],Cell Self Discharge Rate [362],1704,1,0,0,0,0,0,0,1,0.5,0.0,0,1,30000,0,,127.5,0.0,%/month,0
电芯自放电率[363],Cell Self Discharge Rate [363],1705,1,0,0,0,0,0,0,1,0.5,0.0,0,1,30000,0,,127.5,0.0,%/month,0
电芯自放电率[364],Cell Self Discharge Rate [364],1706,1,0,0,0,0,0,0,1,0.5,0.0,0,1,30000,0,,127.5,0.0,%/month,0
电芯自放电率[365],Cell Self Discharge Rate [365],1707,1,0,0,0,0,0,0,1,0.5,0.0,0,1,30000,0,,127.5,0.0,%/month,0
电芯自放电率[366],Cell Self Discharge Rate [366],1708,1,0,0,0,0,0,0,1,0.5,0.0,0,1,30000,0,,127.5,0.0,%/month,0
电芯自放电率[367],Cell Self Discharge Rate [367],1709,1,0,0,0,0,0,0,1,0.5,0.0,0,1,30000,0,,127.5,0.0,%/month,0
电芯自放电率[368],Cell Self Discharge Rate [368],1710,1,0,0,0,0,0,0,1,0.5,0.0,0,1,30000,0,,127.5,0.0,%/month,0
电芯自放电率[369],Cell Self Discharge Rate [369],1711,1,0,0,0,0,0,0,1,0.5,0.0,0,1,30000,0,,127.5,0.0,%/month,0
电芯自放电率[370],Cell Self Discharge Rate [370],1712,1,0,0,0,0,0,0,1,0.5,0.0,0,1,30000,0,,127.5,0.0,%/month,0
电芯自放电率[371],Cell Self Discharge Rate [371],1713,1,0,0,0,0,0,0,1,0.5,0.0,0,1,30000,0,,127.5,0.0,%/month,0
电芯自放电率[372],Cell Self Discharge Rate [372],1714,1,0,0,0,0,0,0,1,0.5,0.0,0,1,30000,0,,127.5,0.0,%/month,0
电芯自放电率[373],Cell Self Discharge Rate [373],1715,1,0,0,0,0,0,0,1,0.5,0.0,0,1,30000,0,,127.5,0.0,%/month,0
电芯自放电率[374],Cell Self Discharge Rate [374],1716,1,0,0,0,0,0,0,1,0.5,0.0,0,1,30000,0,,127.5,0.0,%/month,0
电芯自放电率[375],Cell Self Discharge Rate [375],1717,1,0,0,0,0,0,0,1,0.5,0.0,0,1,30000,0,,127.5,0.0,%/month,0
电芯自放电率[376],Cell Self Discharge Rate [376],1718,1,0,0,0,0,0,0,1,0.5,0.0,0,1,30000,0,,127.5,0.0,%/month,0
电芯自放电率[377],Cell Self Discharge Rate [377],1719,1,0,0,0,0,0,0,1,0.5,0.0,0,1,30000,0,,127.5,0.0,%/month,0
电芯自放电率[378],Cell Self Discharge Rate [378],1720,1,0,0,0,0,0,0,1,0.5,0.0,0,1,30000,0,,127.5,0.0,%/month,0
电芯自放电率[379],Cell Self Discharge Rate [379],1721,1,0,0,0,0,0,0,1,0.5,0.0,0,1,30000,0,,127.5,0.0,%/month,0
电芯自放电率[380],Cell Self Discharge Rate [380],1722,1,0,0,0,0,0,0,1,0.5,0.0,0,1,30000,0,,127.5,0.0,%/month,0
电芯自放电率[381],Cell Self Discharge Rate [381],1723,1,0,0,0,0,0,0,1,0.5,0.0,0,1,30000,0,,127.5,0.0,%/month,0
电芯自放电率[382],Cell Self Discharge Rate [382],1724,1,0,0,0,0,0,0,1,0.5,0.0,0,1,30000,0,,127.5,0.0,%/month,0
电芯自放电率[383],Cell Self Discharge Rate [383],1725,1,0,0,0,0,0,0,1,0.5,0.0,0,1,30000,0,,127.5,0.0,%/month,0
电芯自放电率[384],Cell Self Discharge Rate [384],1726,1,0,0,0,0,0,0,1,0.5,0.0,0,1,30000,0,,127.5,0.0,%/month,0
电芯自放电率[385],Cell Self Discharge Rate [385],1727,1,0,0,0,0,0,0,1,0.5,0.0,0,1,30000,0,,127.5,0.0,%/month,0
电芯自放电率[386],Cell Self Discharge Rate [386],1728,1,0,0,0,0,0,0,1,0.5,0.0,0,1,30000,0,,127.5,0.0,%/month,0
电芯自放电率[387],Cell Self Discharge Rate [387],1729,1,0,0,0,0,0,0,1,0.5,0.0,0,1,30000,0,,127.5,0.0,%/month,0
电芯自放电率[388],Cell Self Discharge Rate [388],1730,1,0,0,0,0,0,0,1,0.5,0.0,0,1,30000,0,,127.5,0.0,%/month,0
电芯自放电率[389],Cell Self Discharge Rate [389],1731,1,0,0,0,0,0,0,1,0.5,0.0,0,1,30000,0,,127.5,0.0,%/month,0
电芯自放电率[390],Cell Self Discharge Rate [390],1732,1,0,0,0,0,0,0,1,0.5,0.0,0,1,30000,0,,127.5,0.0,%/month,0
电芯自放电率[391],Cell Self Discharge Rate [391],1733,1,0,0,0,0,0,0,1,0.5,0.0,0,1,30000,0,,127.5,0.0,%/month,0
电芯自放电率[392],Cell Self Discharge Rate [392],1734,1,0,0,0,0,0,0,1,0.5,0.0,0,1,30000,0,,127.5,0.0,%/month,0
电芯自放电率[393],Cell Self Discharge Rate [393],1735,1,0,0,0,0,0,0,1,0.5,0.0,0,1,30000,0,,127.5,0.0,%/month,0
电芯自放电率[394],Cell Self Discharge Rate [394],1736,1,0,0,0,0,0,0,1,0.5,0.0,0,1,30000,0,,127.5,0.0,%/month,0
电芯自放电率[395],Cell Self Discharge Rate [395],1737,1,0,0,0,0,0,0,1,0.5,0.0,0,1,30000,0,,127.5,0.0,%/month,0
电芯自放电率[396],Cell Self Discharge Rate [396],1738,1,0,0,0,0,0,0,1,0.5,0.0,0,1,30000,0,,127.5,0.0,%/month,0
电芯自放电率[397],Cell Self Discharge Rate [397],1739,1,0,0,0,0,0,0,1,0.5,0.0,0,1,30000,0,,127.5,0.0,%/month,0
电芯自放电率[398],Cell Self Discharge Rate [398],1740,1,0,0,0,0,0,0,1,0.5,0.0,0,1,30000,0,,127.5,0.0,%/month,0
电芯自放电率[399],Cell Self Discharge Rate [399],1741,1,0,0,0,0,0,0,1,0.5,0.0,0,1,30000,0,,127.5,0.0,%/month,0
电芯自放电率[400],Cell Self Discharge Rate [400],1742,1,0,0,0,0,0,0,1,0.5,0.0,0,1,30000,0,,127.5,0.0,%/month,0
电芯自放电率[401],Cell Self Discharge Rate [401],1743,1,0,0,0,0,0,0,1,0.5,0.0,0,1,30000,0,,127.5,0.0,%/month,0
电芯自放电率[402],Cell Self Discharge Rate [402],1744,1,0,0,0,0,0,0,1,0.5,0.0,0,1,30000,0,,127.5,0.0,%/month,0
电芯自放电率[403],Cell Self Discharge Rate [403],1745,1,0,0,0,0,0,0,1,0.5,0.0,0,1,30000,0,,127.5,0.0,%/month,0
电芯自放电率[404],Cell Self Discharge Rate [404],1746,1,0,0,0,0,0,0,1,0.5,0.0,0,1,30000,0,,127.5,0.0,%/month,0
电芯自放电率[405],Cell Self Discharge Rate [405],1747,1,0,0,0,0,0,0,1,0.5,0.0,0,1,30000,0,,127.5,0.0,%/month,0
电芯自放电率[406],Cell Self Discharge Rate [406],1748,1,0,0,0,0,0,0,1,0.5,0.0,0,1,30000,0,,127.5,0.0,%/month,0
电芯自放电率[407],Cell Self Discharge Rate [407],1749,1,0,0,0,0,0,0,1,0.5,0.0,0,1,30000,0,,127.5,0.0,%/month,0
电芯自放电率[408],Cell Self Discharge Rate [408],1750,1,0,0,0,0,0,0,1,0.5,0.0,0,1,30000,0,,127.5,0.0,%/month,0
电芯自放电率[409],Cell Self Discharge Rate [409],1751,1,0,0,0,0,0,0,1,0.5,0.0,0,1,30000,0,,127.5,0.0,%/month,0
电芯自放电率[410],Cell Self Discharge Rate [410],1752,1,0,0,0,0,0,0,1,0.5,0.0,0,1,30000,0,,127.5,0.0,%/month,0
电芯自放电率[411],Cell Self Discharge Rate [411],1753,1,0,0,0,0,0,0,1,0.5,0.0,0,1,30000,0,,127.5,0.0,%/month,0
电芯自放电率[412],Cell Self Discharge Rate [412],1754,1,0,0,0,0,0,0,1,0.5,0.0,0,1,30000,0,,127.5,0.0,%/month,0
电芯自放电率[413],Cell Self Discharge Rate [413],1755,1,0,0,0,0,0,0,1,0.5,0.0,0,1,30000,0,,127.5,0.0,%/month,0
电芯自放电率[414],Cell Self Discharge Rate [414],1756,1,0,0,0,0,0,0,1,0.5,0.0,0,1,30000,0,,127.5,0.0,%/month,0
电芯自放电率[415],Cell Self Discharge Rate [415],1757,1,0,0,0,0,0,0,1,0.5,0.0,0,1,30000,0,,127.5,0.0,%/month,0
允许预充标志位,Allow to Precharge Flag,1758,1,0,0,0,0,0,0,0,1.0,0.0,0,1,30000,0,,1.0,0.0,flg,0
主负继电器干接点状态,Main Negative Contactor Status,1759,1,0,0,0,0,0,0,0,1.0,0.0,0,1,30000,0,,1.0,0.0,flg,0
主正继电器干接点状态,Main Positive Contactor Status,1760,1,0,0,0,0,0,0,0,1.0,0.0,0,1,30000,0,,1.0,0.0,flg,0
安全状态3下高压标志,High-voltage indicator in safe state 3,1761,1,0,0,0,0,0,0,0,1.0,0.0,0,1,30000,0,,1.0,0.0,flg,0
预留占位,Reserved,1762,1,0,0,0,0,0,0,0,1.0,0.0,0,1,30000,0,,15.0,0.0,,0
上高压模式,Hv Power-on Mode,1763,1,0,0,0,0,0,0,0,1.0,0.0,0,1,30000,0,,255.0,0.0,Nbr,0
控制模式状态,Control Mode Status,1764,1,0,0,0,0,0,0,0,1.0,0.0,0,1,30000,0,,255.0,0.0,Nbr,0
主正低边驱动电压,Main positive relay low-side drive voltage,1765,1,0,0,0,0,0,0,1,0.1,0.0,0,1,30000,0,,6553.5,0.0,V,0
主负低边驱动电压,Main negative relay low-side drive voltage,1766,1,0,0,0,0,0,0,1,0.1,0.0,0,1,30000,0,,6553.5,0.0,V,0
接地通道电压,Grounding channel voltage,1767,1,0,0,0,0,0,0,0,1.0,0.0,0,1,30000,0,,65535.0,0.0,mV,0
主正高边驱动电流,Main positive relay high-side drive current,1768,1,0,0,0,0,0,0,1,0.1,0.0,0,1,30000,0,,6553.5,0.0,mA,0
预充高边驱动电流,High-side drive current of the pre-charging relay,1769,1,0,0,0,0,0,0,1,0.1,0.0,0,1,30000,0,,6553.5,0.0,mA,0
主负高边驱动电流,Main negative relay high-side drive current,1770,1,0,0,0,0,0,0,1,0.1,0.0,0,1,30000,0,,6553.5,0.0,mA,0
连续预充超时次数,Number of consecutive precharge timeout occurrences,1771,1,0,0,0,0,0,0,0,1.0,0.0,0,1,30000,0,,255.0,0.0,Nbr,0
电流传感器硬件诊断信息,Current Sensor Hardware Flt,1772,1,0,0,0,0,0,0,0,1.0,0.0,0,1,30000,0,,3.0,0.0,Nbr,0
电流传感器报文超时故障,Current Sensor Msg Timeout Flt,1773,1,0,0,0,0,0,0,0,1.0,0.0,0,1,30000,0,,3.0,0.0,Nbr,0
电流传感器供电电压超上下限标志,Current Sensor Power Supply Volt Out Range Flg,1774,1,0,0,0,0,0,0,0,1.0,0.0,0,1,30000,0,,1.0,0.0,flg,0
继电器带载断开标志位,Contactor Off-with-Load Flg,1775,1,0,0,0,0,0,0,0,1.0,0.0,0,1,30000,0,,1.0,0.0,flg,0
预留占位1,Reserved1,1776,1,0,0,0,0,0,0,0,1.0,0.0,0,1,30000,0,,3.0,0.0,,0
继电器带载断开时的电池串电流,Current when Contactor Off-with-Load,1777,1,0,0,0,0,0,0,3,0.001,-2000.0,0,1,30000,0,,4292967.295,-2000.0,A,0
电流传感器报文RollingCounter故障,Current Sensor Msg Rolling Counter Flt,1778,1,0,0,0,0,0,0,0,1.0,0.0,0,1,30000,0,,3.0,0.0,Nbr,0
电流传感器报文CRC故障,Current Sensor Msg CRC Flt,1779,1,0,0,0,0,0,0,0,1.0,0.0,0,1,30000,0,,3.0,0.0,Nbr,0
电流传感器电流值无效,Current Sensor Current Value Invalid,1780,1,0,0,0,0,0,0,0,1.0,0.0,0,1,30000,0,,3.0,0.0,Nbr,0
电流传感器零漂,Current Sensor Zero Drift,1781,1,0,0,0,0,0,0,0,1.0,0.0,0,1,30000,0,,3.0,0.0,Nbr,0
底层AFE采样错误监测,BSW AFE Sampling Error Monitor,1782,1,0,0,0,0,0,0,0,1.0,0.0,0,1,30000,0,,4294967295.0,0.0,Nbr,0
以太网PHY芯片复位次数,BSW Ethernet PHY Chip Reset Number,1783,1,0,0,0,0,0,0,0,1.0,0.0,0,1,30000,0,,4294967295.0,0.0,Nbr,0
簇电流,Rack Current,1784,1,0,0,0,0,0,0,3,0.001,-2000.0,0,1,30000,0,,2000.001,-2000.0,A,0
最大电芯电压,Max Cell Voltage,1785,1,0,0,0,0,0,0,0,1.0,0.0,0,1,30000,0,,5000.0,0.0,mV,0
最小电芯电压,Min Cell Voltage,1786,1,0,0,0,0,0,0,0,1.0,0.0,0,1,30000,0,,5000.0,0.0,mV,0
最高电芯温度,Max Cell Temp,1787,1,0,0,0,0,0,0,1,0.1,-40.0,0,1,30000,0,,125.1,-40.0,℃,0
最低电芯温度,Min Cell Temp,1788,1,0,0,0,0,0,0,1,0.1,-40.0,0,1,30000,0,,125.1,-40.0,℃,0
平均电芯温度,Average Cell Temp,1789,1,0,0,0,0,0,0,1,0.1,-40.0,0,1,30000,0,,125.1,-40.0,℃,0
满充修正标志位,Full Charge Correction Flag,1790,1,0,0,0,0,0,0,0,1.0,0.0,0,1,30000,0,,255.0,0.0,Nbr,0
满放修正标志位,Full Discharge Correction Flag,1791,1,0,0,0,0,0,0,0,1.0,0.0,0,1,30000,0,,255.0,0.0,Nbr,0
累计充电容量,Accumulated Charge Capacity,1792,1,0,0,0,0,0,0,4,0.0625,0.0,0,1,30000,0,,268435455.9375,0.0,Ah,0
累计放电容量,Accumulated Discharge Capacity,1793,1,0,0,0,0,0,0,4,0.0625,0.0,0,1,30000,0,,268435455.9375,0.0,Ah,0
Rack充放电状态,Rack Charging Status,1794,1,0,0,0,0,0,0,0,1.0,0.0,0,1,30000,0,,255.0,0.0,Nbr,0
上次下电休眠时间,Last Power-down Sleep Time,1795,1,0,0,0,0,0,0,0,1.0,0.0,0,1,30000,0,,4294967295.0,0.0,Min,0
历史休眠时间,History Sleep Time,1796,1,0,0,0,0,0,0,0,1.0,0.0,0,1,30000,0,,4294967295.0,0.0,Min,0
历史运行时间,History Run Time,1797,1,0,0,0,0,0,0,0,1.0,0.0,0,1,30000,0,,4294967295.0,0.0,Min,0
累计循环次数,Accumulated Cycle Number,1798,1,0,0,0,0,0,0,0,1.0,0.0,0,1,30000,0,,65535.0,0.0,Nbr,0
Rack所有SOH标定指示,Rack All SOH Calibration Indicator,1799,1,0,0,0,0,0,0,0,1.0,0.0,0,1,30000,0,,255.0,0.0,,0
Rack所有SOH标定值,Rack All SOH Calibration Value,1800,1,0,0,0,0,0,0,0,1.0,0.0,0,1,30000,0,,255.0,0.0,%,0
累积充电容量,Accumulated Charge Capacity,1801,1,0,0,0,0,0,0,3,0.001,0.0,0,1,30000,0,,4294967.295,0.0,mAh,0
累积放电容量,Accumulated Discharge Capacity,1802,1,0,0,0,0,0,0,3,0.001,0.0,0,1,30000,0,,4294967.295,0.0,mAh,0
预留占位,Reserved,1803,1,0,0,0,0,0,0,0,1.0,0.0,0,1,30000,0,,255.0,0.0,,0
预留占位1,Reserved1,1804,1,0,0,0,0,0,0,0,1.0,0.0,0,1,30000,0,,65535.0,0.0,,0
Rack历史信息标定指示,Rack History Info Calibration Indicator,1805,1,0,0,0,0,0,0,0,1.0,0.0,0,1,30000,0,,255.0,0.0,,0
Rack所有SOC标定指示,Rack All SOC Calibration Indicator,1806,1,0,0,0,0,0,0,0,1.0,0.0,0,1,30000,0,,255.0,0.0,,0
Rack所有SOC标定值,Rack All SOC Calibration Value,1807,1,0,0,0,0,0,0,0,1.0,0.0,0,1,30000,0,,255.0,0.0,%,0
簇电流有效性,Rack Current Validity,1808,1,0,0,0,0,0,0,0,1.0,0.0,0,1,30000,0,,1.0,0.0,flg,0
电芯电压概要有效性,Cell Voltage General Validity,1809,1,0,0,0,0,0,0,0,1.0,0.0,0,1,30000,0,,1.0,0.0,flg,0
电芯温度概要有效性,Cell Temperature General Validity,1810,1,0,0,0,0,0,0,0,1.0,0.0,0,1,30000,0,,1.0,0.0,flg,0
最大电压电芯温度有效性,Vmax Cell Temperature Validity,1811,1,0,0,0,0,0,0,0,1.0,0.0,0,1,30000,0,,1.0,0.0,flg,0
最小电压电芯温度有效性,Vmin Cell Temperature Validity,1812,1,0,0,0,0,0,0,0,1.0,0.0,0,1,30000,0,,1.0,0.0,flg,0
预留占位2,Reserved2,1813,1,0,0,0,0,0,0,0,1.0,0.0,0,1,30000,0,,7.0,0.0,,0
最大电压电芯对应温度,Vmax Cell Temperature,1814,1,0,0,0,0,0,0,1,0.1,-40.0,0,1,30000,0,,125.1,-40.0,℃,0
最小电压电芯对应温度,Vmin Cell Temperature,1815,1,0,0,0,0,0,0,1,0.1,-40.0,0,1,30000,0,,125.1,-40.0,℃,0
等间隔位置的电芯电压[0],Equidistant Position Cell Voltage [0],1816,1,0,0,0,0,0,0,0,1.0,0.0,0,1,30000,0,,5000.0,0.0,mV,0
等间隔位置的电芯电压[1],Equidistant Position Cell Voltage [1],1817,1,0,0,0,0,0,0,0,1.0,0.0,0,1,30000,0,,5000.0,0.0,mV,0
等间隔位置的电芯电压[2],Equidistant Position Cell Voltage [2],1818,1,0,0,0,0,0,0,0,1.0,0.0,0,1,30000,0,,5000.0,0.0,mV,0
等间隔位置的电芯电压[3],Equidistant Position Cell Voltage [3],1819,1,0,0,0,0,0,0,0,1.0,0.0,0,1,30000,0,,5000.0,0.0,mV,0
等间隔位置的电芯电压[4],Equidistant Position Cell Voltage [4],1820,1,0,0,0,0,0,0,0,1.0,0.0,0,1,30000,0,,5000.0,0.0,mV,0
等间隔位置的电芯电压[5],Equidistant Position Cell Voltage [5],1821,1,0,0,0,0,0,0,0,1.0,0.0,0,1,30000,0,,5000.0,0.0,mV,0
等间隔位置的电芯电压[6],Equidistant Position Cell Voltage [6],1822,1,0,0,0,0,0,0,0,1.0,0.0,0,1,30000,0,,5000.0,0.0,mV,0
等间隔位置的电芯电压[7],Equidistant Position Cell Voltage [7],1823,1,0,0,0,0,0,0,0,1.0,0.0,0,1,30000,0,,5000.0,0.0,mV,0
等间隔位置的电芯电压[8],Equidistant Position Cell Voltage [8],1824,1,0,0,0,0,0,0,0,1.0,0.0,0,1,30000,0,,5000.0,0.0,mV,0
等间隔位置的电芯电压[9],Equidistant Position Cell Voltage [9],1825,1,0,0,0,0,0,0,0,1.0,0.0,0,1,30000,0,,5000.0,0.0,mV,0
Rack真实SOH,Rack Real SOH,1826,1,0,0,0,0,0,0,2,0.01,0.0,0,1,30000,0,,100.0,0.0,%,0
Rack显示SOH,Rack Display SOH,1827,1,0,0,0,0,0,0,2,0.01,0.0,0,1,30000,0,,100.0,0.0,%,0
DFCL模块容量,DFCL Module Capacity,1828,1,0,0,0,0,0,0,1,0.1,0.0,0,1,30000,0,,1500.0,0.0,Ah,0
DFCL模块SOH特征点SOC,DFCL Module SOH Feature Point SOC,1829,1,0,0,0,0,0,0,2,0.01,0.0,0,1,30000,0,,100.0,0.0,%,0
DFCL模块SOH特征点标志位,DFCL Module SOH Feature Point Status,1830,1,0,0,0,0,0,0,0,1.0,0.0,0,1,30000,0,,2.0,0.0,,0
DFCL模块SOH特征点容量,DFCL Module SOH Feature Point Capacity,1831,1,0,0,0,0,0,0,1,0.1,-1500.0,0,1,30000,0,,1500.0,-1500.0,Ah,0
DFCL模块SOH特征点时间,DFCL Module SOH Feature Point Time,1832,1,0,0,0,0,0,0,0,1.0,0.0,0,1,30000,0,,65535.0,0.0,day,0
MFCL模块容量,MFCL Module Capacity,1833,1,0,0,0,0,0,0,1,0.1,0.0,0,1,30000,0,,1500.0,0.0,Ah,0
Vmax节电芯MFCL模块中特征点目标计算值,Vmax Cell MFCL Module Mid-Feature Point Target Value,1834,1,0,0,0,0,0,0,0,1.0,0.0,0,1,30000,0,,65535.0,0.0,,0
Vmin节电芯MFCL模块中特征点目标计算值,Vmin Cell MFCL Module Mid-Feature Point Target Value,1835,1,0,0,0,0,0,0,0,1.0,0.0,0,1,30000,0,,65535.0,0.0,,0
最大电压电芯SOC,Vmax Cell SOC,1836,1,0,0,0,0,0,0,2,0.01,0.0,0,1,30000,0,,100.0,0.0,%,0
最小电压电芯SOC,Vmin Cell SOC,1837,1,0,0,0,0,0,0,2,0.01,0.0,0,1,30000,0,,100.0,0.0,%,0
最大电压电芯SOC状态,Vmax Cell SOC Status,1838,1,0,0,0,0,0,0,0,1.0,0.0,0,1,30000,0,,10.0,0.0,Nbr,0
最小电压电芯SOC状态,Vmin Cell SOC Status,1839,1,0,0,0,0,0,0,0,1.0,0.0,0,1,30000,0,,10.0,0.0,Nbr,0
最大电压电芯仿真电压,Vmax Cell Simulation Voltage,1840,1,0,0,0,0,0,0,0,1.0,0.0,0,1,30000,0,,5000.0,0.0,mV,0
最小电压电芯仿真电压,Vmin Cell Simulation Voltage,1841,1,0,0,0,0,0,0,0,1.0,0.0,0,1,30000,0,,5000.0,0.0,mV,0
Rack真实容量,Rack Real Capacity,1842,1,0,0,0,0,0,0,1,0.1,0.0,0,1,30000,0,,1500.0,0.0,Ah,0
Rack真实SOC,Rack Real SOC,1843,1,0,0,0,0,0,0,2,0.01,0.0,0,1,30000,0,,100.0,0.0,%,0
Rack平滑SOC,Rack Smooth SOC,1844,1,0,0,0,0,0,0,2,0.01,0.0,0,1,30000,0,,100.0,0.0,%,0
Rack显示SOC,Rack Display SOC,1845,1,0,0,0,0,0,0,2,0.01,0.0,0,1,30000,0,,100.0,0.0,%,0
DFCL模块容量计算成功标志位,DFCL Module Capacity Calculation Success Flag,1846,1,0,0,0,0,0,0,0,1.0,0.0,0,1,30000,0,,1.0,0.0,flg,0
MFCL模块容量计算成功标志位,MFCL Module Capacity Calculation Success Flag,1847,1,0,0,0,0,0,0,0,1.0,0.0,0,1,30000,0,,1.0,0.0,flg,0
Vmax节电芯MFCL模块特征点1,Vmax Cell MFCL Module Feature Point 1,1848,1,0,0,0,0,0,0,0,1.0,0.0,0,1,30000,0,,1.0,0.0,flg,0
Vmin节电芯MFCL模块特征点1,Vmin Cell MFCL Module Feature Point 1,1849,1,0,0,0,0,0,0,0,1.0,0.0,0,1,30000,0,,1.0,0.0,flg,0
Vmax节电芯MFCL模块中特征点2,Vmax Cell MFCL Module Feature Point 2,1850,1,0,0,0,0,0,0,0,1.0,0.0,0,1,30000,0,,1.0,0.0,flg,0
Vmin节电芯MFCL模块特征点2,Vmin Cell MFCL Module Feature Point 2,1851,1,0,0,0,0,0,0,0,1.0,0.0,0,1,30000,0,,1.0,0.0,flg,0
Vmax节电芯MFCL模块中特征点3,Vmax Cell MFCL Module Feature Point 3,1852,1,0,0,0,0,0,0,0,1.0,0.0,0,1,30000,0,,1.0,0.0,flg,0
Vmin节电芯MFCL模块特征点3,Vmin Cell MFCL Module Feature Point 3,1853,1,0,0,0,0,0,0,0,1.0,0.0,0,1,30000,0,,1.0,0.0,flg,0
显示SOC跟随策略状态,DispSOC Follow Strategy Status,1854,1,0,0,0,0,0,0,0,1.0,0.0,0,1,30000,0,,255.0,0.0,Nbr,0
Rack目标SOC,Rack Target SOC,1855,1,0,0,0,0,0,0,2,0.01,0.0,0,1,30000,0,,655.35,0.0,%,0
最近一次累积充放电容量,Rack Latest Accu Charge-Discharge Cap,1856,1,0,0,0,0,0,0,1,0.1,-3000.0,0,1,30000,0,,3553.5,0.0,Ah,0
设定温度,Setting Temp,1857,1,0,0,0,0,0,0,0,1.0,-40.0,0,1,30000,0,,215.0,-40.0,℃,0
电芯最高温度,Max Cell Temp,1858,1,0,0,0,0,0,0,0,1.0,-40.0,0,1,30000,0,,215.0,-40.0,℃,0
电芯最低温度,Min Cell Temp,1859,1,0,0,0,0,0,0,0,1.0,-40.0,0,1,30000,0,,215.0,-40.0,℃,0
电芯平均温度,Average Cell Temp,1860,1,0,0,0,0,0,0,0,1.0,-40.0,0,1,30000,0,,215.0,-40.0,℃,0
出水温度,Outlet Water Temp,1861,1,0,0,0,0,0,0,0,1.0,-40.0,0,1,30000,0,,215.0,-40.0,℃,0
进水温度,Inlet Water Temp,1862,1,0,0,0,0,0,0,0,1.0,-40.0,0,1,30000,0,,215.0,-40.0,℃,0
环境温度,Environment Temp,1863,1,0,0,0,0,0,0,0,1.0,-40.0,0,1,30000,0,,215.0,-40.0,℃,0
进水水压,Inlet Water Pressure,1864,1,0,0,0,0,0,0,1,0.1,0.0,0,1,30000,0,,25.5,0.0,Bar,0
出水水压,Outlet Water Pressure,1865,1,0,0,0,0,0,0,1,0.1,0.0,0,1,30000,0,,25.5,0.0,Bar,0
TMS 故障等级,TMS Fault Level,1866,1,0,0,0,0,0,0,0,1.0,0.0,0,1,30000,0,,3.0,0.0,,0
TMS 故障码,TMS Fault Code,1867,1,0,0,0,0,0,0,0,1.0,0.0,0,1,30000,0,,63.0,0.0,,0
BMS请求模式,BMS Request Mode,1868,1,0,0,0,0,0,0,0,1.0,0.0,0,1,30000,0,,3.0,0.0,,0
TMS工作模式,TMS Working Mode,1869,1,0,0,0,0,0,0,0,1.0,0.0,0,1,30000,0,,3.0,0.0,,0
TMS编号,TMS Number,1870,1,0,0,0,0,0,0,0,1.0,0.0,0,1,30000,0,,15.0,0.0,Nbr,0
TMS制冷状态,TMS Cool Status,1871,1,0,0,0,0,0,0,0,1.0,0.0,0,1,30000,0,,255.0,0.0,Nbr,0
RBMS故障数组[0],RBMS Fault Array [0],1872,1,0,0,0,0,0,0,0,1.0,0.0,0,1,30000,0,,255.0,0.0,,0
RBMS故障数组[1],RBMS Fault Array [1],1873,1,0,0,0,0,0,0,0,1.0,0.0,0,1,30000,0,,255.0,0.0,,0
RBMS故障数组[2],RBMS Fault Array [2],1874,1,0,0,0,0,0,0,0,1.0,0.0,0,1,30000,0,,255.0,0.0,,0
RBMS故障数组[3],RBMS Fault Array [3],1875,1,0,0,0,0,0,0,0,1.0,0.0,0,1,30000,0,,255.0,0.0,,0
RBMS故障数组[4],RBMS Fault Array [4],1876,1,0,0,0,0,0,0,0,1.0,0.0,0,1,30000,0,,255.0,0.0,,0
RBMS故障数组[5],RBMS Fault Array [5],1877,1,0,0,0,0,0,0,0,1.0,0.0,0,1,30000,0,,255.0,0.0,,0
RBMS故障数组[6],RBMS Fault Array [6],1878,1,0,0,0,0,0,0,0,1.0,0.0,0,1,30000,0,,255.0,0.0,,0
RBMS故障数组[7],RBMS Fault Array [7],1879,1,0,0,0,0,0,0,0,1.0,0.0,0,1,30000,0,,255.0,0.0,,0
RBMS故障数组[8],RBMS Fault Array [8],1880,1,0,0,0,0,0,0,0,1.0,0.0,0,1,30000,0,,255.0,0.0,,0
RBMS故障数组[9],RBMS Fault Array [9],1881,1,0,0,0,0,0,0,0,1.0,0.0,0,1,30000,0,,255.0,0.0,,0
RBMS故障数组[10],RBMS Fault Array [10],1882,1,0,0,0,0,0,0,0,1.0,0.0,0,1,30000,0,,255.0,0.0,,0
RBMS故障数组[11],RBMS Fault Array [11],1883,1,0,0,0,0,0,0,0,1.0,0.0,0,1,30000,0,,255.0,0.0,,0
RBMS故障数组[12],RBMS Fault Array [12],1884,1,0,0,0,0,0,0,0,1.0,0.0,0,1,30000,0,,255.0,0.0,,0
RBMS故障数组[13],RBMS Fault Array [13],1885,1,0,0,0,0,0,0,0,1.0,0.0,0,1,30000,0,,255.0,0.0,,0
RBMS故障数组[14],RBMS Fault Array [14],1886,1,0,0,0,0,0,0,0,1.0,0.0,0,1,30000,0,,255.0,0.0,,0
RBMS故障数组[15],RBMS Fault Array [15],1887,1,0,0,0,0,0,0,0,1.0,0.0,0,1,30000,0,,255.0,0.0,,0
RBMS故障数组[16],RBMS Fault Array [16],1888,1,0,0,0,0,0,0,0,1.0,0.0,0,1,30000,0,,255.0,0.0,,0
RBMS故障数组[17],RBMS Fault Array [17],1889,1,0,0,0,0,0,0,0,1.0,0.0,0,1,30000,0,,255.0,0.0,,0
RBMS故障数组[18],RBMS Fault Array [18],1890,1,0,0,0,0,0,0,0,1.0,0.0,0,1,30000,0,,255.0,0.0,,0
RBMS故障数组[19],RBMS Fault Array [19],1891,1,0,0,0,0,0,0,0,1.0,0.0,0,1,30000,0,,255.0,0.0,,0
RBMS故障数组[20],RBMS Fault Array [20],1892,1,0,0,0,0,0,0,0,1.0,0.0,0,1,30000,0,,255.0,0.0,,0
RBMS故障数组[21],RBMS Fault Array [21],1893,1,0,0,0,0,0,0,0,1.0,0.0,0,1,30000,0,,255.0,0.0,,0
RBMS故障数组[22],RBMS Fault Array [22],1894,1,0,0,0,0,0,0,0,1.0,0.0,0,1,30000,0,,255.0,0.0,,0
RBMS故障数组[23],RBMS Fault Array [23],1895,1,0,0,0,0,0,0,0,1.0,0.0,0,1,30000,0,,255.0,0.0,,0
RBMS故障数组[24],RBMS Fault Array [24],1896,1,0,0,0,0,0,0,0,1.0,0.0,0,1,30000,0,,255.0,0.0,,0
